source_file,source_member,niche,campaign_date,position,water_content_vol_percent,wc_ci95_vol_percent
cda_knowledge_base/measurements/nmr/source_files/2025-09-15_saisonally.zip,saisonally/data_table_ascii/Niche3_Y_2019_M_10_D_24.dat,Niche 3,2019-10-24,3A,11.833405083011,1.05694815005766
cda_knowledge_base/measurements/nmr/source_files/2025-09-15_saisonally.zip,saisonally/data_table_ascii/Niche3_Y_2019_M_10_D_24.dat,Niche 3,2019-10-24,3AB1,10.9062306160611,0.606860553728635
cda_knowledge_base/measurements/nmr/source_files/2025-09-15_saisonally.zip,saisonally/data_table_ascii/Niche3_Y_2019_M_10_D_24.dat,Niche 3,2019-10-24,3AB2,11.1722453976343,0.507913989778423
cda_knowledge_base/measurements/nmr/source_files/2025-09-15_saisonally.zip,saisonally/data_table_ascii/Niche3_Y_2019_M_10_D_24.dat,Niche 3,2019-10-24,3B,10.4104221149658,0.358139314325946
cda_knowledge_base/measurements/nmr/source_files/2025-09-15_saisonally.zip,saisonally/data_table_ascii/Niche3_Y_2019_M_10_D_24.dat,Niche 3,2019-10-24,3G,12.6264253721566,0.570614325167896
cda_knowledge_base/measurements/nmr/source_files/2025-09-15_saisonally.zip,saisonally/data_table_ascii/Niche3_Y_2019_M_10_D_24.dat,Niche 3,2019-10-24,3H,10.8981693286997,0.40946285599943
cda_knowledge_base/measurements/nmr/source_files/2025-09-15_saisonally.zip,saisonally/data_table_ascii/Niche3_Y_2019_M_10_D_24.dat,Niche 3,2019-10-24,3I,7.65015904827552,0.519951148447161
cda_knowledge_base/measurements/nmr/source_files/2025-09-15_saisonally.zip,saisonally/data_table_ascii/Niche3_Y_2020_M_03_D_03.dat,Niche 3,2020-03-03,3A,10.3120629774141,0.669975045737133
cda_knowledge_base/measurements/nmr/source_files/2025-09-15_saisonally.zip,saisonally/data_table_ascii/Niche3_Y_2020_M_03_D_03.dat,Niche 3,2020-03-03,3AB1,10.6029695204369,0.631612968352057
cda_knowledge_base/measurements/nmr/source_files/2025-09-15_saisonally.zip,saisonally/data_table_ascii/Niche3_Y_2020_M_03_D_03.dat,Niche 3,2020-03-03,3AB2,9.24744666944185,0.798383750949798
cda_knowledge_base/measurements/nmr/source_files/2025-09-15_saisonally.zip,saisonally/data_table_ascii/Niche3_Y_2020_M_03_D_03.dat,Niche 3,2020-03-03,3B,10.1046316618215,0.384854793614245
cda_knowledge_base/measurements/nmr/source_files/2025-09-15_saisonally.zip,saisonally/data_table_ascii/Niche3_Y_2020_M_03_D_03.dat,Niche 3,2020-03-03,3G,12.0307687769396,0.464536784342848
cda_knowledge_base/measurements/nmr/source_files/2025-09-15_saisonally.zip,saisonally/data_table_ascii/Niche3_Y_2020_M_03_D_03.dat,Niche 3,2020-03-03,3H,11.1872588387562,0.490580627582188
cda_knowledge_base/measurements/nmr/source_files/2025-09-15_saisonally.zip,saisonally/data_table_ascii/Niche3_Y_2020_M_03_D_03.dat,Niche 3,2020-03-03,3I,7.76006637586247,0.790896834811402
cda_knowledge_base/measurements/nmr/source_files/2025-09-15_saisonally.zip,saisonally/data_table_ascii/Niche3_Y_2020_M_09_D_17.dat,Niche 3,2020-09-17,3A,12.5068625162669,0.636957056645091
cda_knowledge_base/measurements/nmr/source_files/2025-09-15_saisonally.zip,saisonally/data_table_ascii/Niche3_Y_2020_M_09_D_17.dat,Niche 3,2020-09-17,3AB1,11.4866708194377,0.384320288493027
cda_knowledge_base/measurements/nmr/source_files/2025-09-15_saisonally.zip,saisonally/data_table_ascii/Niche3_Y_2020_M_09_D_17.dat,Niche 3,2020-09-17,3AB2,12.0743084551514,0.889810358251452
cda_knowledge_base/measurements/nmr/source_files/2025-09-15_saisonally.zip,saisonally/data_table_ascii/Niche3_Y_2020_M_09_D_17.dat,Niche 3,2020-09-17,3B,13.4900585724851,0.404975738415351
cda_knowledge_base/measurements/nmr/source_files/2025-09-15_saisonally.zip,saisonally/data_table_ascii/Niche3_Y_2021_M_03_D_19.dat,Niche 3,2021-03-19,3A,14.140252991452,0.356321097131914
cda_knowledge_base/measurements/nmr/source_files/2025-09-15_saisonally.zip,saisonally/data_table_ascii/Niche3_Y_2021_M_03_D_19.dat,Niche 3,2021-03-19,3AB1,12.1221164488686,0.449008955289334
cda_knowledge_base/measurements/nmr/source_files/2025-09-15_saisonally.zip,saisonally/data_table_ascii/Niche3_Y_2021_M_03_D_19.dat,Niche 3,2021-03-19,3AB2,12.1318000949908,0.608752498335286
cda_knowledge_base/measurements/nmr/source_files/2025-09-15_saisonally.zip,saisonally/data_table_ascii/Niche3_Y_2021_M_03_D_19.dat,Niche 3,2021-03-19,3B,12.7518611894149,0.524363262013486
cda_knowledge_base/measurements/nmr/source_files/2025-09-15_saisonally.zip,saisonally/data_table_ascii/Niche3_Y_2021_M_03_D_19.dat,Niche 3,2021-03-19,3G,15.3881919678967,1.37051599456326
cda_knowledge_base/measurements/nmr/source_files/2025-09-15_saisonally.zip,saisonally/data_table_ascii/Niche3_Y_2021_M_03_D_19.dat,Niche 3,2021-03-19,3H,14.024255030786,0.713583144647486
cda_knowledge_base/measurements/nmr/source_files/2025-09-15_saisonally.zip,saisonally/data_table_ascii/Niche3_Y_2021_M_03_D_19.dat,Niche 3,2021-03-19,3I,9.65886253663764,0.662638150269996
cda_knowledge_base/measurements/nmr/source_files/2025-09-15_saisonally.zip,saisonally/data_table_ascii/Niche3_Y_2021_M_10_D_07.dat,Niche 3,2021-10-07,3A,13.9873600211882,0.894138223337924
cda_knowledge_base/measurements/nmr/source_files/2025-09-15_saisonally.zip,saisonally/data_table_ascii/Niche3_Y_2021_M_10_D_07.dat,Niche 3,2021-10-07,3AB1,15.0573780792096,0.781731884028222
cda_knowledge_base/measurements/nmr/source_files/2025-09-15_saisonally.zip,saisonally/data_table_ascii/Niche3_Y_2021_M_10_D_07.dat,Niche 3,2021-10-07,3AB2,15.4398287647302,1.45873188524385
cda_knowledge_base/measurements/nmr/source_files/2025-09-15_saisonally.zip,saisonally/data_table_ascii/Niche3_Y_2021_M_10_D_07.dat,Niche 3,2021-10-07,3B,16.6283119579583,0.884598899798376
cda_knowledge_base/measurements/nmr/source_files/2025-09-15_saisonally.zip,saisonally/data_table_ascii/Niche3_Y_2021_M_10_D_07.dat,Niche 3,2021-10-07,3C,16.656385993163,1.68466292561465
cda_knowledge_base/measurements/nmr/source_files/2025-09-15_saisonally.zip,saisonally/data_table_ascii/Niche3_Y_2021_M_10_D_07.dat,Niche 3,2021-10-07,3D,16.3458018443873,1.35955351167338
cda_knowledge_base/measurements/nmr/source_files/2025-09-15_saisonally.zip,saisonally/data_table_ascii/Niche3_Y_2021_M_10_D_07.dat,Niche 3,2021-10-07,3E,14.497662239188,1.34015768147892
cda_knowledge_base/measurements/nmr/source_files/2025-09-15_saisonally.zip,saisonally/data_table_ascii/Niche3_Y_2021_M_10_D_07.dat,Niche 3,2021-10-07,3F,15.8685628600516,1.41650159405322
cda_knowledge_base/measurements/nmr/source_files/2025-09-15_saisonally.zip,saisonally/data_table_ascii/Niche3_Y_2021_M_10_D_07.dat,Niche 3,2021-10-07,3G,16.214007513199,1.43883569979468
cda_knowledge_base/measurements/nmr/source_files/2025-09-15_saisonally.zip,saisonally/data_table_ascii/Niche3_Y_2021_M_10_D_07.dat,Niche 3,2021-10-07,3H,17.4391537875122,1.33726491621219
cda_knowledge_base/measurements/nmr/source_files/2025-09-15_saisonally.zip,saisonally/data_table_ascii/Niche3_Y_2021_M_10_D_07.dat,Niche 3,2021-10-07,3I,14.5853439306145,1.83786101907251
cda_knowledge_base/measurements/nmr/source_files/2025-09-15_saisonally.zip,saisonally/data_table_ascii/Niche3_Y_2021_M_10_D_07.dat,Niche 3,2021-10-07,3J,14.7983536448741,1.28374872665216
cda_knowledge_base/measurements/nmr/source_files/2025-09-15_saisonally.zip,saisonally/data_table_ascii/Niche3_Y_2021_M_10_D_07.dat,Niche 3,2021-10-07,3K,14.3174952524515,2.73594421687158
cda_knowledge_base/measurements/nmr/source_files/2025-09-15_saisonally.zip,saisonally/data_table_ascii/Niche3_Y_2021_M_10_D_07.dat,Niche 3,2021-10-07,3L,16.8963789107236,1.25446151298155
cda_knowledge_base/measurements/nmr/source_files/2025-09-15_saisonally.zip,saisonally/data_table_ascii/Niche3_Y_2021_M_10_D_07.dat,Niche 3,2021-10-07,3M,15.2525404188449,1.60682000583687
cda_knowledge_base/measurements/nmr/source_files/2025-09-15_saisonally.zip,saisonally/data_table_ascii/Niche3_Y_2021_M_10_D_07.dat,Niche 3,2021-10-07,3N,15.5017662640221,1.18541740128028
cda_knowledge_base/measurements/nmr/source_files/2025-09-15_saisonally.zip,saisonally/data_table_ascii/Niche3_Y_2022_M_04_D_28.dat,Niche 3,2022-04-28,3A,14.2488988875571,0.723489764840183
cda_knowledge_base/measurements/nmr/source_files/2025-09-15_saisonally.zip,saisonally/data_table_ascii/Niche3_Y_2022_M_04_D_28.dat,Niche 3,2022-04-28,3AB1,14.7960318134226,0.43246041384409
cda_knowledge_base/measurements/nmr/source_files/2025-09-15_saisonally.zip,saisonally/data_table_ascii/Niche3_Y_2022_M_04_D_28.dat,Niche 3,2022-04-28,3AB2,14.9572835189973,1.08557577147267
cda_knowledge_base/measurements/nmr/source_files/2025-09-15_saisonally.zip,saisonally/data_table_ascii/Niche3_Y_2022_M_04_D_28.dat,Niche 3,2022-04-28,3B,16.0659600954352,0.782977831349153
cda_knowledge_base/measurements/nmr/source_files/2025-09-15_saisonally.zip,saisonally/data_table_ascii/Niche3_Y_2022_M_04_D_28.dat,Niche 3,2022-04-28,3C,14.1940361892457,0.783933897230235
cda_knowledge_base/measurements/nmr/source_files/2025-09-15_saisonally.zip,saisonally/data_table_ascii/Niche3_Y_2022_M_04_D_28.dat,Niche 3,2022-04-28,3D,15.5499944370791,0.885139844466929
cda_knowledge_base/measurements/nmr/source_files/2025-09-15_saisonally.zip,saisonally/data_table_ascii/Niche3_Y_2022_M_04_D_28.dat,Niche 3,2022-04-28,3E,14.3520196278265,0.939198352856087
cda_knowledge_base/measurements/nmr/source_files/2025-09-15_saisonally.zip,saisonally/data_table_ascii/Niche3_Y_2022_M_04_D_28.dat,Niche 3,2022-04-28,3F,16.7294624780639,0.974951760966176
cda_knowledge_base/measurements/nmr/source_files/2025-09-15_saisonally.zip,saisonally/data_table_ascii/Niche3_Y_2022_M_04_D_28.dat,Niche 3,2022-04-28,3G,17.6155091892689,1.38903577592646
cda_knowledge_base/measurements/nmr/source_files/2025-09-15_saisonally.zip,saisonally/data_table_ascii/Niche3_Y_2022_M_04_D_28.dat,Niche 3,2022-04-28,3H,18.5433727641121,1.20623348900423
cda_knowledge_base/measurements/nmr/source_files/2025-09-15_saisonally.zip,saisonally/data_table_ascii/Niche3_Y_2022_M_04_D_28.dat,Niche 3,2022-04-28,3I,15.3197989864783,1.20682736591205
cda_knowledge_base/measurements/nmr/source_files/2025-09-15_saisonally.zip,saisonally/data_table_ascii/Niche3_Y_2022_M_04_D_28.dat,Niche 3,2022-04-28,3J,14.7381699996668,0.947364597286805
cda_knowledge_base/measurements/nmr/source_files/2025-09-15_saisonally.zip,saisonally/data_table_ascii/Niche3_Y_2022_M_04_D_28.dat,Niche 3,2022-04-28,3K,15.2055038642299,0.824408590443419
cda_knowledge_base/measurements/nmr/source_files/2025-09-15_saisonally.zip,saisonally/data_table_ascii/Niche3_Y_2022_M_04_D_28.dat,Niche 3,2022-04-28,3L,15.4802131177298,1.36818270866773
cda_knowledge_base/measurements/nmr/source_files/2025-09-15_saisonally.zip,saisonally/data_table_ascii/Niche3_Y_2022_M_04_D_28.dat,Niche 3,2022-04-28,3M,15.3859152713255,0.635200085238295
cda_knowledge_base/measurements/nmr/source_files/2025-09-15_saisonally.zip,saisonally/data_table_ascii/Niche3_Y_2022_M_04_D_28.dat,Niche 3,2022-04-28,3N,14.6404211347594,0.605985260065749
cda_knowledge_base/measurements/nmr/source_files/2025-09-15_saisonally.zip,saisonally/data_table_ascii/Niche3_Y_2022_M_10_D_20.dat,Niche 3,2022-10-20,3A,15.1532801081207,0.966220282246008
cda_knowledge_base/measurements/nmr/source_files/2025-09-15_saisonally.zip,saisonally/data_table_ascii/Niche3_Y_2022_M_10_D_20.dat,Niche 3,2022-10-20,3AB1,13.527325734747,0.56321160734167
cda_knowledge_base/measurements/nmr/source_files/2025-09-15_saisonally.zip,saisonally/data_table_ascii/Niche3_Y_2022_M_10_D_20.dat,Niche 3,2022-10-20,3AB2,14.974139053899,0.768578894388218
cda_knowledge_base/measurements/nmr/source_files/2025-09-15_saisonally.zip,saisonally/data_table_ascii/Niche3_Y_2022_M_10_D_20.dat,Niche 3,2022-10-20,3B,14.7934676286539,0.469532633412994
cda_knowledge_base/measurements/nmr/source_files/2025-09-15_saisonally.zip,saisonally/data_table_ascii/Niche3_Y_2022_M_10_D_20.dat,Niche 3,2022-10-20,3C,16.0440944962229,0.811499633664871
cda_knowledge_base/measurements/nmr/source_files/2025-09-15_saisonally.zip,saisonally/data_table_ascii/Niche3_Y_2022_M_10_D_20.dat,Niche 3,2022-10-20,3D,15.4768465233507,0.724734148593234
cda_knowledge_base/measurements/nmr/source_files/2025-09-15_saisonally.zip,saisonally/data_table_ascii/Niche3_Y_2022_M_10_D_20.dat,Niche 3,2022-10-20,3E,12.8734831849809,0.445721383319048
cda_knowledge_base/measurements/nmr/source_files/2025-09-15_saisonally.zip,saisonally/data_table_ascii/Niche3_Y_2022_M_10_D_20.dat,Niche 3,2022-10-20,3F,15.3821308418528,0.984180228481493
cda_knowledge_base/measurements/nmr/source_files/2025-09-15_saisonally.zip,saisonally/data_table_ascii/Niche3_Y_2022_M_10_D_20.dat,Niche 3,2022-10-20,3G,15.6355774196459,1.37218150100774
cda_knowledge_base/measurements/nmr/source_files/2025-09-15_saisonally.zip,saisonally/data_table_ascii/Niche3_Y_2022_M_10_D_20.dat,Niche 3,2022-10-20,3H,16.9360127667159,1.79341732602784
cda_knowledge_base/measurements/nmr/source_files/2025-09-15_saisonally.zip,saisonally/data_table_ascii/Niche3_Y_2022_M_10_D_20.dat,Niche 3,2022-10-20,3I,11.0935440343713,1.27638983498444
cda_knowledge_base/measurements/nmr/source_files/2025-09-15_saisonally.zip,saisonally/data_table_ascii/Niche3_Y_2022_M_10_D_20.dat,Niche 3,2022-10-20,3J,12.6908326293525,0.785219539004401
cda_knowledge_base/measurements/nmr/source_files/2025-09-15_saisonally.zip,saisonally/data_table_ascii/Niche3_Y_2022_M_10_D_20.dat,Niche 3,2022-10-20,3K,13.1987175701427,1.37259670546212
cda_knowledge_base/measurements/nmr/source_files/2025-09-15_saisonally.zip,saisonally/data_table_ascii/Niche3_Y_2022_M_10_D_20.dat,Niche 3,2022-10-20,3L,13.3756422966737,0.581841741031812
cda_knowledge_base/measurements/nmr/source_files/2025-09-15_saisonally.zip,saisonally/data_table_ascii/Niche3_Y_2022_M_10_D_20.dat,Niche 3,2022-10-20,3M,13.9780876931843,1.00752650856144
cda_knowledge_base/measurements/nmr/source_files/2025-09-15_saisonally.zip,saisonally/data_table_ascii/Niche3_Y_2022_M_10_D_20.dat,Niche 3,2022-10-20,3N,15.1636352542696,0.578503190394266
cda_knowledge_base/measurements/nmr/source_files/2025-09-15_saisonally.zip,saisonally/data_table_ascii/Niche3_Y_2023_M_02_D_23.dat,Niche 3,2023-02-23,3A,15.1376257961633,1.16732181404283
cda_knowledge_base/measurements/nmr/source_files/2025-09-15_saisonally.zip,saisonally/data_table_ascii/Niche3_Y_2023_M_02_D_23.dat,Niche 3,2023-02-23,3AB1,15.5204349516743,1.20304333830452
cda_knowledge_base/measurements/nmr/source_files/2025-09-15_saisonally.zip,saisonally/data_table_ascii/Niche3_Y_2023_M_02_D_23.dat,Niche 3,2023-02-23,3AB2,14.6790154139265,1.40391044654492
cda_knowledge_base/measurements/nmr/source_files/2025-09-15_saisonally.zip,saisonally/data_table_ascii/Niche3_Y_2023_M_02_D_23.dat,Niche 3,2023-02-23,3B,14.2413196131957,1.27180990115005
cda_knowledge_base/measurements/nmr/source_files/2025-09-15_saisonally.zip,saisonally/data_table_ascii/Niche3_Y_2023_M_02_D_23.dat,Niche 3,2023-02-23,3C,19.1100927265753,1.76037664880768
cda_knowledge_base/measurements/nmr/source_files/2025-09-15_saisonally.zip,saisonally/data_table_ascii/Niche3_Y_2023_M_02_D_23.dat,Niche 3,2023-02-23,3D,15.6442132582135,1.3327333510366
cda_knowledge_base/measurements/nmr/source_files/2025-09-15_saisonally.zip,saisonally/data_table_ascii/Niche3_Y_2023_M_02_D_23.dat,Niche 3,2023-02-23,3E,15.3691764780719,1.17525547044355
cda_knowledge_base/measurements/nmr/source_files/2025-09-15_saisonally.zip,saisonally/data_table_ascii/Niche3_Y_2023_M_02_D_23.dat,Niche 3,2023-02-23,3F,15.4144246020702,1.55399421277786
cda_knowledge_base/measurements/nmr/source_files/2025-09-15_saisonally.zip,saisonally/data_table_ascii/Niche3_Y_2023_M_02_D_23.dat,Niche 3,2023-02-23,3G,17.0602441909094,1.5034413565206
cda_knowledge_base/measurements/nmr/source_files/2025-09-15_saisonally.zip,saisonally/data_table_ascii/Niche3_Y_2023_M_02_D_23.dat,Niche 3,2023-02-23,3H,15.7313084941794,1.17152699530055
cda_knowledge_base/measurements/nmr/source_files/2025-09-15_saisonally.zip,saisonally/data_table_ascii/Niche3_Y_2023_M_02_D_23.dat,Niche 3,2023-02-23,3I,11.6546337195479,1.83106713556145
cda_knowledge_base/measurements/nmr/source_files/2025-09-15_saisonally.zip,saisonally/data_table_ascii/Niche3_Y_2023_M_02_D_23.dat,Niche 3,2023-02-23,3J,13.7707904749348,1.39446021506172
cda_knowledge_base/measurements/nmr/source_files/2025-09-15_saisonally.zip,saisonally/data_table_ascii/Niche3_Y_2023_M_02_D_23.dat,Niche 3,2023-02-23,3K,12.8833399388358,1.82540387059407
cda_knowledge_base/measurements/nmr/source_files/2025-09-15_saisonally.zip,saisonally/data_table_ascii/Niche3_Y_2023_M_02_D_23.dat,Niche 3,2023-02-23,3L,16.0541178372948,2.04657382630374
cda_knowledge_base/measurements/nmr/source_files/2025-09-15_saisonally.zip,saisonally/data_table_ascii/Niche3_Y_2023_M_02_D_23.dat,Niche 3,2023-02-23,3M,15.1565159474997,1.32766023360259
cda_knowledge_base/measurements/nmr/source_files/2025-09-15_saisonally.zip,saisonally/data_table_ascii/Niche3_Y_2023_M_02_D_23.dat,Niche 3,2023-02-23,3N,16.3841110445973,0.746235553559506
cda_knowledge_base/measurements/nmr/source_files/2025-09-15_saisonally.zip,saisonally/data_table_ascii/Niche3_Y_2023_M_11_D_22.dat,Niche 3,2023-11-22,3A,15.0474277489782,0.839308028507217
cda_knowledge_base/measurements/nmr/source_files/2025-09-15_saisonally.zip,saisonally/data_table_ascii/Niche3_Y_2023_M_11_D_22.dat,Niche 3,2023-11-22,3AB1,14.6428033525717,2.25834930662051
cda_knowledge_base/measurements/nmr/source_files/2025-09-15_saisonally.zip,saisonally/data_table_ascii/Niche3_Y_2023_M_11_D_22.dat,Niche 3,2023-11-22,3AB2,15.3856042655546,2.0777453275353
cda_knowledge_base/measurements/nmr/source_files/2025-09-15_saisonally.zip,saisonally/data_table_ascii/Niche3_Y_2023_M_11_D_22.dat,Niche 3,2023-11-22,3B,16.228660633587,1.13400189909865
cda_knowledge_base/measurements/nmr/source_files/2025-09-15_saisonally.zip,saisonally/data_table_ascii/Niche3_Y_2023_M_11_D_22.dat,Niche 3,2023-11-22,3C,16.9389636724806,1.47610329506052
cda_knowledge_base/measurements/nmr/source_files/2025-09-15_saisonally.zip,saisonally/data_table_ascii/Niche3_Y_2023_M_11_D_22.dat,Niche 3,2023-11-22,3D,14.9855322826221,1.39189985805234
cda_knowledge_base/measurements/nmr/source_files/2025-09-15_saisonally.zip,saisonally/data_table_ascii/Niche3_Y_2023_M_11_D_22.dat,Niche 3,2023-11-22,3E,16.3431115207408,2.57492411570599
cda_knowledge_base/measurements/nmr/source_files/2025-09-15_saisonally.zip,saisonally/data_table_ascii/Niche3_Y_2023_M_11_D_22.dat,Niche 3,2023-11-22,3F,14.0425350217724,1.33040538305404
cda_knowledge_base/measurements/nmr/source_files/2025-09-15_saisonally.zip,saisonally/data_table_ascii/Niche3_Y_2023_M_11_D_22.dat,Niche 3,2023-11-22,3G,18.5895604046528,2.20929948530498
cda_knowledge_base/measurements/nmr/source_files/2025-09-15_saisonally.zip,saisonally/data_table_ascii/Niche3_Y_2023_M_11_D_22.dat,Niche 3,2023-11-22,3H,17.5542604229414,2.1591258450874
cda_knowledge_base/measurements/nmr/source_files/2025-09-15_saisonally.zip,saisonally/data_table_ascii/Niche3_Y_2023_M_11_D_22.dat,Niche 3,2023-11-22,3I,14.6456736843367,1.14073241496452
cda_knowledge_base/measurements/nmr/source_files/2025-09-15_saisonally.zip,saisonally/data_table_ascii/Niche3_Y_2023_M_11_D_22.dat,Niche 3,2023-11-22,3J,14.1930189434857,0.859051155531706
cda_knowledge_base/measurements/nmr/source_files/2025-09-15_saisonally.zip,saisonally/data_table_ascii/Niche3_Y_2023_M_11_D_22.dat,Niche 3,2023-11-22,3K,12.7696545052744,1.02232372906619
cda_knowledge_base/measurements/nmr/source_files/2025-09-15_saisonally.zip,saisonally/data_table_ascii/Niche3_Y_2023_M_11_D_22.dat,Niche 3,2023-11-22,3L,14.9884688225522,1.34224196559657
cda_knowledge_base/measurements/nmr/source_files/2025-09-15_saisonally.zip,saisonally/data_table_ascii/Niche3_Y_2023_M_11_D_22.dat,Niche 3,2023-11-22,3M,11.6378421020216,1.19217716500419
cda_knowledge_base/measurements/nmr/source_files/2025-09-15_saisonally.zip,saisonally/data_table_ascii/Niche3_Y_2023_M_11_D_22.dat,Niche 3,2023-11-22,3N,11.3367259043628,0.729134562141011
cda_knowledge_base/measurements/nmr/source_files/2025-09-15_saisonally.zip,saisonally/data_table_ascii/Niche3_Y_2024_M_11_D_14.dat,Niche 3,2024-11-14,3A,16.1965345099148,0.916073809051169
cda_knowledge_base/measurements/nmr/source_files/2025-09-15_saisonally.zip,saisonally/data_table_ascii/Niche3_Y_2024_M_11_D_14.dat,Niche 3,2024-11-14,3AB1,15.7957190480435,2.23992121939721
cda_knowledge_base/measurements/nmr/source_files/2025-09-15_saisonally.zip,saisonally/data_table_ascii/Niche3_Y_2024_M_11_D_14.dat,Niche 3,2024-11-14,3AB2,13.6410285485681,1.74151663054381
cda_knowledge_base/measurements/nmr/source_files/2025-09-15_saisonally.zip,saisonally/data_table_ascii/Niche3_Y_2024_M_11_D_14.dat,Niche 3,2024-11-14,3B,13.5948717189404,0.708706114405611
cda_knowledge_base/measurements/nmr/source_files/2025-09-15_saisonally.zip,saisonally/data_table_ascii/Niche3_Y_2024_M_11_D_14.dat,Niche 3,2024-11-14,3C,16.4793794545348,1.86299195488469
cda_knowledge_base/measurements/nmr/source_files/2025-09-15_saisonally.zip,saisonally/data_table_ascii/Niche3_Y_2024_M_11_D_14.dat,Niche 3,2024-11-14,3D,16.2312989499646,2.0387195451947
cda_knowledge_base/measurements/nmr/source_files/2025-09-15_saisonally.zip,saisonally/data_table_ascii/Niche3_Y_2024_M_11_D_14.dat,Niche 3,2024-11-14,3E,17.2241548440917,2.15273901839288
cda_knowledge_base/measurements/nmr/source_files/2025-09-15_saisonally.zip,saisonally/data_table_ascii/Niche3_Y_2024_M_11_D_14.dat,Niche 3,2024-11-14,3F,13.7850806851706,1.03621934798737
cda_knowledge_base/measurements/nmr/source_files/2025-09-15_saisonally.zip,saisonally/data_table_ascii/Niche3_Y_2024_M_11_D_14.dat,Niche 3,2024-11-14,3G,17.6042215499183,1.66841080807096
cda_knowledge_base/measurements/nmr/source_files/2025-09-15_saisonally.zip,saisonally/data_table_ascii/Niche3_Y_2024_M_11_D_14.dat,Niche 3,2024-11-14,3H,17.8481262558797,1.97944982296341
cda_knowledge_base/measurements/nmr/source_files/2025-09-15_saisonally.zip,saisonally/data_table_ascii/Niche3_Y_2024_M_11_D_14.dat,Niche 3,2024-11-14,3I,14.8860470634352,1.79673875428058
cda_knowledge_base/measurements/nmr/source_files/2025-09-15_saisonally.zip,saisonally/data_table_ascii/Niche3_Y_2024_M_11_D_14.dat,Niche 3,2024-11-14,3J,13.082073343247,1.58499989032104
cda_knowledge_base/measurements/nmr/source_files/2025-09-15_saisonally.zip,saisonally/data_table_ascii/Niche3_Y_2024_M_11_D_14.dat,Niche 3,2024-11-14,3K,17.8328081639075,1.84780592168758
cda_knowledge_base/measurements/nmr/source_files/2025-09-15_saisonally.zip,saisonally/data_table_ascii/Niche3_Y_2024_M_11_D_14.dat,Niche 3,2024-11-14,3L,15.1551763189062,1.54947187891972
cda_knowledge_base/measurements/nmr/source_files/2025-09-15_saisonally.zip,saisonally/data_table_ascii/Niche3_Y_2024_M_11_D_14.dat,Niche 3,2024-11-14,3M,15.2325255622314,2.29334381875057
cda_knowledge_base/measurements/nmr/source_files/2025-09-15_saisonally.zip,saisonally/data_table_ascii/Niche3_Y_2024_M_11_D_14.dat,Niche 3,2024-11-14,3N,16.5616308666916,0.68003128682463
cda_knowledge_base/measurements/nmr/source_files/2025-09-15_saisonally.zip,saisonally/data_table_ascii/Niche3_Y_2025_M_02_D_13.dat,Niche 3,2025-02-13,3A,12.402986884933,1.92205021595101
cda_knowledge_base/measurements/nmr/source_files/2025-09-15_saisonally.zip,saisonally/data_table_ascii/Niche3_Y_2025_M_02_D_13.dat,Niche 3,2025-02-13,3AB1,16.0961078820678,1.85313394425348
cda_knowledge_base/measurements/nmr/source_files/2025-09-15_saisonally.zip,saisonally/data_table_ascii/Niche3_Y_2025_M_02_D_13.dat,Niche 3,2025-02-13,3AB2,15.0449239390441,1.0219056921501
cda_knowledge_base/measurements/nmr/source_files/2025-09-15_saisonally.zip,saisonally/data_table_ascii/Niche3_Y_2025_M_02_D_13.dat,Niche 3,2025-02-13,3B,17.4003674364944,1.72227574267526
cda_knowledge_base/measurements/nmr/source_files/2025-09-15_saisonally.zip,saisonally/data_table_ascii/Niche3_Y_2025_M_02_D_13.dat,Niche 3,2025-02-13,3C,14.5887600904971,2.58037013972093
cda_knowledge_base/measurements/nmr/source_files/2025-09-15_saisonally.zip,saisonally/data_table_ascii/Niche3_Y_2025_M_02_D_13.dat,Niche 3,2025-02-13,3D,16.115663312234,2.01567564235329
cda_knowledge_base/measurements/nmr/source_files/2025-09-15_saisonally.zip,saisonally/data_table_ascii/Niche3_Y_2025_M_02_D_13.dat,Niche 3,2025-02-13,3E,14.4927484395568,2.44187504523284
cda_knowledge_base/measurements/nmr/source_files/2025-09-15_saisonally.zip,saisonally/data_table_ascii/Niche3_Y_2025_M_02_D_13.dat,Niche 3,2025-02-13,3F,14.7225739402791,1.87527283077247
cda_knowledge_base/measurements/nmr/source_files/2025-09-15_saisonally.zip,saisonally/data_table_ascii/Niche3_Y_2025_M_02_D_13.dat,Niche 3,2025-02-13,3G,16.1096175073343,3.16612714488708
cda_knowledge_base/measurements/nmr/source_files/2025-09-15_saisonally.zip,saisonally/data_table_ascii/Niche3_Y_2025_M_02_D_13.dat,Niche 3,2025-02-13,3H,15.507960632486,4.91909328807168
cda_knowledge_base/measurements/nmr/source_files/2025-09-15_saisonally.zip,saisonally/data_table_ascii/Niche3_Y_2025_M_02_D_13.dat,Niche 3,2025-02-13,3I,8.221245506069,5.0544704353687
cda_knowledge_base/measurements/nmr/source_files/2025-09-15_saisonally.zip,saisonally/data_table_ascii/Niche3_Y_2025_M_02_D_13.dat,Niche 3,2025-02-13,3J,14.4760132782125,4.28407851793209
cda_knowledge_base/measurements/nmr/source_files/2025-09-15_saisonally.zip,saisonally/data_table_ascii/Niche3_Y_2025_M_02_D_13.dat,Niche 3,2025-02-13,3K,13.1190794537652,2.20915784477963
cda_knowledge_base/measurements/nmr/source_files/2025-09-15_saisonally.zip,saisonally/data_table_ascii/Niche3_Y_2025_M_02_D_13.dat,Niche 3,2025-02-13,3L,18.1591897892456,3.07167385478832
cda_knowledge_base/measurements/nmr/source_files/2025-09-15_saisonally.zip,saisonally/data_table_ascii/Niche3_Y_2025_M_02_D_13.dat,Niche 3,2025-02-13,3M,13.7532994110843,1.98963157431821
cda_knowledge_base/measurements/nmr/source_files/2025-09-15_saisonally.zip,saisonally/data_table_ascii/Niche3_Y_2025_M_02_D_13.dat,Niche 3,2025-02-13,3N,13.85091063931,1.62628882652241
cda_knowledge_base/measurements/nmr/source_files/2025-09-15_saisonally.zip,saisonally/data_table_ascii/Niche4_Y_2019_M_10_D_23.dat,Niche 4,2019-10-23,4A,11.2712706589037,0.508663133145488
cda_knowledge_base/measurements/nmr/source_files/2025-09-15_saisonally.zip,saisonally/data_table_ascii/Niche4_Y_2019_M_10_D_23.dat,Niche 4,2019-10-23,4B,9.28314681858027,0.337589741090459
cda_knowledge_base/measurements/nmr/source_files/2025-09-15_saisonally.zip,saisonally/data_table_ascii/Niche4_Y_2019_M_10_D_23.dat,Niche 4,2019-10-23,4C,7.99285207559794,0.404605540167448
cda_knowledge_base/measurements/nmr/source_files/2025-09-15_saisonally.zip,saisonally/data_table_ascii/Niche4_Y_2019_M_10_D_23.dat,Niche 4,2019-10-23,4J,6.47905080048577,0.368948364961661
cda_knowledge_base/measurements/nmr/source_files/2025-09-15_saisonally.zip,saisonally/data_table_ascii/Niche4_Y_2019_M_10_D_23.dat,Niche 4,2019-10-23,4K,8.97264372611968,0.664305168878581
cda_knowledge_base/measurements/nmr/source_files/2025-09-15_saisonally.zip,saisonally/data_table_ascii/Niche4_Y_2019_M_10_D_23.dat,Niche 4,2019-10-23,4L,7.4940628790114,0.66809031388034
cda_knowledge_base/measurements/nmr/source_files/2025-09-15_saisonally.zip,saisonally/data_table_ascii/Niche4_Y_2019_M_10_D_23.dat,Niche 4,2019-10-23,4M,10.6395202620412,0.461246108198941
cda_knowledge_base/measurements/nmr/source_files/2025-09-15_saisonally.zip,saisonally/data_table_ascii/Niche4_Y_2020_M_03_D_03.dat,Niche 4,2020-03-03,4A,7.87908894490662,0.424287520934452
cda_knowledge_base/measurements/nmr/source_files/2025-09-15_saisonally.zip,saisonally/data_table_ascii/Niche4_Y_2020_M_03_D_03.dat,Niche 4,2020-03-03,4B,7.84736148790635,0.544410704045727
cda_knowledge_base/measurements/nmr/source_files/2025-09-15_saisonally.zip,saisonally/data_table_ascii/Niche4_Y_2020_M_03_D_03.dat,Niche 4,2020-03-03,4C,7.35546116776318,0.492664467215287
cda_knowledge_base/measurements/nmr/source_files/2025-09-15_saisonally.zip,saisonally/data_table_ascii/Niche4_Y_2020_M_03_D_03.dat,Niche 4,2020-03-03,4J,6.02678061786747,0.31012891609021
cda_knowledge_base/measurements/nmr/source_files/2025-09-15_saisonally.zip,saisonally/data_table_ascii/Niche4_Y_2020_M_03_D_03.dat,Niche 4,2020-03-03,4K,10.3976423360952,0.4113052511875
cda_knowledge_base/measurements/nmr/source_files/2025-09-15_saisonally.zip,saisonally/data_table_ascii/Niche4_Y_2020_M_03_D_03.dat,Niche 4,2020-03-03,4L,6.61743195150893,0.430072580355082
cda_knowledge_base/measurements/nmr/source_files/2025-09-15_saisonally.zip,saisonally/data_table_ascii/Niche4_Y_2020_M_03_D_03.dat,Niche 4,2020-03-03,4M,9.16747811706937,0.284924528397935
cda_knowledge_base/measurements/nmr/source_files/2025-09-15_saisonally.zip,saisonally/data_table_ascii/Niche4_Y_2020_M_09_D_17.dat,Niche 4,2020-09-17,4A,9.48073554906522,0.476505371933773
cda_knowledge_base/measurements/nmr/source_files/2025-09-15_saisonally.zip,saisonally/data_table_ascii/Niche4_Y_2020_M_09_D_17.dat,Niche 4,2020-09-17,4B,11.8346762438079,1.13167901732065
cda_knowledge_base/measurements/nmr/source_files/2025-09-15_saisonally.zip,saisonally/data_table_ascii/Niche4_Y_2020_M_09_D_17.dat,Niche 4,2020-09-17,4C,11.2677536752986,0.454452977085838
cda_knowledge_base/measurements/nmr/source_files/2025-09-15_saisonally.zip,saisonally/data_table_ascii/Niche4_Y_2021_M_03_D_19.dat,Niche 4,2021-03-19,4A,8.53218385322107,0.57960643036162
cda_knowledge_base/measurements/nmr/source_files/2025-09-15_saisonally.zip,saisonally/data_table_ascii/Niche4_Y_2021_M_03_D_19.dat,Niche 4,2021-03-19,4B,9.6730536236067,0.570911974025411
cda_knowledge_base/measurements/nmr/source_files/2025-09-15_saisonally.zip,saisonally/data_table_ascii/Niche4_Y_2021_M_03_D_19.dat,Niche 4,2021-03-19,4C,7.77226090639864,0.654640459893979
cda_knowledge_base/measurements/nmr/source_files/2025-09-15_saisonally.zip,saisonally/data_table_ascii/Niche4_Y_2021_M_03_D_19.dat,Niche 4,2021-03-19,4J,9.05163459304916,0.377055748107546
cda_knowledge_base/measurements/nmr/source_files/2025-09-15_saisonally.zip,saisonally/data_table_ascii/Niche4_Y_2021_M_03_D_19.dat,Niche 4,2021-03-19,4K,10.2145350406462,0.402059209676421
cda_knowledge_base/measurements/nmr/source_files/2025-09-15_saisonally.zip,saisonally/data_table_ascii/Niche4_Y_2021_M_03_D_19.dat,Niche 4,2021-03-19,4L,7.97348904973881,0.405365812032757
cda_knowledge_base/measurements/nmr/source_files/2025-09-15_saisonally.zip,saisonally/data_table_ascii/Niche4_Y_2021_M_03_D_19.dat,Niche 4,2021-03-19,4M,9.90548088763008,0.814394370504659
cda_knowledge_base/measurements/nmr/source_files/2025-09-15_saisonally.zip,saisonally/data_table_ascii/Niche4_Y_2021_M_10_D_06.dat,Niche 4,2021-10-06,4A,12.4846229006328,0.808744835808503
cda_knowledge_base/measurements/nmr/source_files/2025-09-15_saisonally.zip,saisonally/data_table_ascii/Niche4_Y_2021_M_10_D_06.dat,Niche 4,2021-10-06,4B,12.4920917497349,0.731721751790554
cda_knowledge_base/measurements/nmr/source_files/2025-09-15_saisonally.zip,saisonally/data_table_ascii/Niche4_Y_2021_M_10_D_06.dat,Niche 4,2021-10-06,4C,13.7067612094948,1.21229992597625
cda_knowledge_base/measurements/nmr/source_files/2025-09-15_saisonally.zip,saisonally/data_table_ascii/Niche4_Y_2021_M_10_D_06.dat,Niche 4,2021-10-06,4D,13.4079257942146,0.721095282473094
cda_knowledge_base/measurements/nmr/source_files/2025-09-15_saisonally.zip,saisonally/data_table_ascii/Niche4_Y_2021_M_10_D_06.dat,Niche 4,2021-10-06,4E,12.5908345190354,0.737913377203186
cda_knowledge_base/measurements/nmr/source_files/2025-09-15_saisonally.zip,saisonally/data_table_ascii/Niche4_Y_2021_M_10_D_06.dat,Niche 4,2021-10-06,4F,15.4401276636006,0.712420926410629
cda_knowledge_base/measurements/nmr/source_files/2025-09-15_saisonally.zip,saisonally/data_table_ascii/Niche4_Y_2021_M_10_D_06.dat,Niche 4,2021-10-06,4G,14.669219839247,0.567450235371402
cda_knowledge_base/measurements/nmr/source_files/2025-09-15_saisonally.zip,saisonally/data_table_ascii/Niche4_Y_2021_M_10_D_06.dat,Niche 4,2021-10-06,4H,14.5190444059403,1.47588095210997
cda_knowledge_base/measurements/nmr/source_files/2025-09-15_saisonally.zip,saisonally/data_table_ascii/Niche4_Y_2021_M_10_D_06.dat,Niche 4,2021-10-06,4I,13.068502200482,1.15079316770851
cda_knowledge_base/measurements/nmr/source_files/2025-09-15_saisonally.zip,saisonally/data_table_ascii/Niche4_Y_2021_M_10_D_06.dat,Niche 4,2021-10-06,4J,12.7462902857209,1.18933793831535
cda_knowledge_base/measurements/nmr/source_files/2025-09-15_saisonally.zip,saisonally/data_table_ascii/Niche4_Y_2021_M_10_D_06.dat,Niche 4,2021-10-06,4K,16.1959148068617,0.706143062665933
cda_knowledge_base/measurements/nmr/source_files/2025-09-15_saisonally.zip,saisonally/data_table_ascii/Niche4_Y_2021_M_10_D_06.dat,Niche 4,2021-10-06,4L,14.0005140325816,1.06611197083264
cda_knowledge_base/measurements/nmr/source_files/2025-09-15_saisonally.zip,saisonally/data_table_ascii/Niche4_Y_2021_M_10_D_06.dat,Niche 4,2021-10-06,4M,15.0536196118218,1.08504401462845
cda_knowledge_base/measurements/nmr/source_files/2025-09-15_saisonally.zip,saisonally/data_table_ascii/Niche4_Y_2021_M_10_D_06.dat,Niche 4,2021-10-06,4N,10.9386445198271,0.781539498607396
cda_knowledge_base/measurements/nmr/source_files/2025-09-15_saisonally.zip,saisonally/data_table_ascii/Niche4_Y_2021_M_10_D_06.dat,Niche 4,2021-10-06,4O,12.4441715727867,0.735356709292643
cda_knowledge_base/measurements/nmr/source_files/2025-09-15_saisonally.zip,saisonally/data_table_ascii/Niche4_Y_2021_M_10_D_06.dat,Niche 4,2021-10-06,4P,11.3827495940372,2.09524315882543
cda_knowledge_base/measurements/nmr/source_files/2025-09-15_saisonally.zip,saisonally/data_table_ascii/Niche4_Y_2021_M_10_D_06.dat,Niche 4,2021-10-06,4Q,14.9790742137904,1.11800061532365
cda_knowledge_base/measurements/nmr/source_files/2025-09-15_saisonally.zip,saisonally/data_table_ascii/Niche4_Y_2021_M_10_D_06.dat,Niche 4,2021-10-06,4R,12.5097634409254,1.4483295922173
cda_knowledge_base/measurements/nmr/source_files/2025-09-15_saisonally.zip,saisonally/data_table_ascii/Niche4_Y_2021_M_10_D_06.dat,Niche 4,2021-10-06,4S,15.719409588545,1.41471157466879
cda_knowledge_base/measurements/nmr/source_files/2025-09-15_saisonally.zip,saisonally/data_table_ascii/Niche4_Y_2022_M_03_D_25.dat,Niche 4,2022-03-25,4A,10.600600596574,3.00247278523928
cda_knowledge_base/measurements/nmr/source_files/2025-09-15_saisonally.zip,saisonally/data_table_ascii/Niche4_Y_2022_M_03_D_25.dat,Niche 4,2022-03-25,4B,10.9951364249252,0.743072823287428
cda_knowledge_base/measurements/nmr/source_files/2025-09-15_saisonally.zip,saisonally/data_table_ascii/Niche4_Y_2022_M_03_D_25.dat,Niche 4,2022-03-25,4C,10.8024094562935,1.19181094702835
cda_knowledge_base/measurements/nmr/source_files/2025-09-15_saisonally.zip,saisonally/data_table_ascii/Niche4_Y_2022_M_03_D_25.dat,Niche 4,2022-03-25,4D,11.2472735830468,1.552636654221
cda_knowledge_base/measurements/nmr/source_files/2025-09-15_saisonally.zip,saisonally/data_table_ascii/Niche4_Y_2022_M_03_D_25.dat,Niche 4,2022-03-25,4E,10.4510567179004,1.5920481075253
cda_knowledge_base/measurements/nmr/source_files/2025-09-15_saisonally.zip,saisonally/data_table_ascii/Niche4_Y_2022_M_03_D_25.dat,Niche 4,2022-03-25,4F,11.7207219310575,0.97717824797483
cda_knowledge_base/measurements/nmr/source_files/2025-09-15_saisonally.zip,saisonally/data_table_ascii/Niche4_Y_2022_M_03_D_25.dat,Niche 4,2022-03-25,4G,9.97881365564205,1.00143545093246
cda_knowledge_base/measurements/nmr/source_files/2025-09-15_saisonally.zip,saisonally/data_table_ascii/Niche4_Y_2022_M_03_D_25.dat,Niche 4,2022-03-25,4H,9.43129997903797,1.30220349912531
cda_knowledge_base/measurements/nmr/source_files/2025-09-15_saisonally.zip,saisonally/data_table_ascii/Niche4_Y_2022_M_03_D_25.dat,Niche 4,2022-03-25,4I,11.5689262190834,1.65765092583431
cda_knowledge_base/measurements/nmr/source_files/2025-09-15_saisonally.zip,saisonally/data_table_ascii/Niche4_Y_2022_M_03_D_25.dat,Niche 4,2022-03-25,4J,6.40271401739771,0.882164249398712
cda_knowledge_base/measurements/nmr/source_files/2025-09-15_saisonally.zip,saisonally/data_table_ascii/Niche4_Y_2022_M_03_D_25.dat,Niche 4,2022-03-25,4K,11.3491022768336,1.64932897823316
cda_knowledge_base/measurements/nmr/source_files/2025-09-15_saisonally.zip,saisonally/data_table_ascii/Niche4_Y_2022_M_03_D_25.dat,Niche 4,2022-03-25,4L,9.39198081337918,1.76824715371844
cda_knowledge_base/measurements/nmr/source_files/2025-09-15_saisonally.zip,saisonally/data_table_ascii/Niche4_Y_2022_M_03_D_25.dat,Niche 4,2022-03-25,4M,10.2535865585655,1.09647863758727
cda_knowledge_base/measurements/nmr/source_files/2025-09-15_saisonally.zip,saisonally/data_table_ascii/Niche4_Y_2022_M_03_D_25.dat,Niche 4,2022-03-25,4N,5.00754126428474,0.890852490714151
cda_knowledge_base/measurements/nmr/source_files/2025-09-15_saisonally.zip,saisonally/data_table_ascii/Niche4_Y_2022_M_03_D_25.dat,Niche 4,2022-03-25,4O,9.53549611642799,4.63606570082387
cda_knowledge_base/measurements/nmr/source_files/2025-09-15_saisonally.zip,saisonally/data_table_ascii/Niche4_Y_2022_M_03_D_25.dat,Niche 4,2022-03-25,4P,6.6779343229222,1.81041424010884
cda_knowledge_base/measurements/nmr/source_files/2025-09-15_saisonally.zip,saisonally/data_table_ascii/Niche4_Y_2022_M_03_D_25.dat,Niche 4,2022-03-25,4Q,9.68321292783077,1.7088880714917
cda_knowledge_base/measurements/nmr/source_files/2025-09-15_saisonally.zip,saisonally/data_table_ascii/Niche4_Y_2022_M_03_D_25.dat,Niche 4,2022-03-25,4R,2.76612697583096,0.657078394644365
cda_knowledge_base/measurements/nmr/source_files/2025-09-15_saisonally.zip,saisonally/data_table_ascii/Niche4_Y_2022_M_03_D_25.dat,Niche 4,2022-03-25,4S,11.4595679301808,0.455848528391398
cda_knowledge_base/measurements/nmr/source_files/2025-09-15_saisonally.zip,saisonally/data_table_ascii/Niche4_Y_2022_M_10_D_19.dat,Niche 4,2022-10-19,4A,12.4420042700583,0.934378569160784
cda_knowledge_base/measurements/nmr/source_files/2025-09-15_saisonally.zip,saisonally/data_table_ascii/Niche4_Y_2022_M_10_D_19.dat,Niche 4,2022-10-19,4B,12.0793206336852,1.18121228367997
cda_knowledge_base/measurements/nmr/source_files/2025-09-15_saisonally.zip,saisonally/data_table_ascii/Niche4_Y_2022_M_10_D_19.dat,Niche 4,2022-10-19,4C,11.4397981151992,0.969136875636459
cda_knowledge_base/measurements/nmr/source_files/2025-09-15_saisonally.zip,saisonally/data_table_ascii/Niche4_Y_2022_M_10_D_19.dat,Niche 4,2022-10-19,4D,13.151050054415,1.62441414811091
cda_knowledge_base/measurements/nmr/source_files/2025-09-15_saisonally.zip,saisonally/data_table_ascii/Niche4_Y_2022_M_10_D_19.dat,Niche 4,2022-10-19,4E,13.056016492333,0.686004332393614
cda_knowledge_base/measurements/nmr/source_files/2025-09-15_saisonally.zip,saisonally/data_table_ascii/Niche4_Y_2022_M_10_D_19.dat,Niche 4,2022-10-19,4F,13.4121316535537,0.955177130016842
cda_knowledge_base/measurements/nmr/source_files/2025-09-15_saisonally.zip,saisonally/data_table_ascii/Niche4_Y_2022_M_10_D_19.dat,Niche 4,2022-10-19,4G,14.7712009622158,0.770983022298666
cda_knowledge_base/measurements/nmr/source_files/2025-09-15_saisonally.zip,saisonally/data_table_ascii/Niche4_Y_2022_M_10_D_19.dat,Niche 4,2022-10-19,4H,13.1202065782383,0.953103453880075
cda_knowledge_base/measurements/nmr/source_files/2025-09-15_saisonally.zip,saisonally/data_table_ascii/Niche4_Y_2022_M_10_D_19.dat,Niche 4,2022-10-19,4I,14.5691701052069,0.92505116592412
cda_knowledge_base/measurements/nmr/source_files/2025-09-15_saisonally.zip,saisonally/data_table_ascii/Niche4_Y_2022_M_10_D_19.dat,Niche 4,2022-10-19,4J,6.76254919552257,0.980042787713455
cda_knowledge_base/measurements/nmr/source_files/2025-09-15_saisonally.zip,saisonally/data_table_ascii/Niche4_Y_2022_M_10_D_19.dat,Niche 4,2022-10-19,4K,14.1800376566557,0.909226998121015
cda_knowledge_base/measurements/nmr/source_files/2025-09-15_saisonally.zip,saisonally/data_table_ascii/Niche4_Y_2022_M_10_D_19.dat,Niche 4,2022-10-19,4L,6.79879874294259,1.37960400858431
cda_knowledge_base/measurements/nmr/source_files/2025-09-15_saisonally.zip,saisonally/data_table_ascii/Niche4_Y_2022_M_10_D_19.dat,Niche 4,2022-10-19,4M,11.3502574092924,0.790265779389354
cda_knowledge_base/measurements/nmr/source_files/2025-09-15_saisonally.zip,saisonally/data_table_ascii/Niche4_Y_2022_M_10_D_19.dat,Niche 4,2022-10-19,4N,11.1252247937067,0.437028322164554
cda_knowledge_base/measurements/nmr/source_files/2025-09-15_saisonally.zip,saisonally/data_table_ascii/Niche4_Y_2022_M_10_D_19.dat,Niche 4,2022-10-19,4O,12.8637564996191,1.41775815801187
cda_knowledge_base/measurements/nmr/source_files/2025-09-15_saisonally.zip,saisonally/data_table_ascii/Niche4_Y_2022_M_10_D_19.dat,Niche 4,2022-10-19,4P,11.0983882185314,1.19381953817077
cda_knowledge_base/measurements/nmr/source_files/2025-09-15_saisonally.zip,saisonally/data_table_ascii/Niche4_Y_2022_M_10_D_19.dat,Niche 4,2022-10-19,4Q,14.515063226367,0.893063751972143
cda_knowledge_base/measurements/nmr/source_files/2025-09-15_saisonally.zip,saisonally/data_table_ascii/Niche4_Y_2022_M_10_D_19.dat,Niche 4,2022-10-19,4R,5.98761910305762,0.690664793808868
cda_knowledge_base/measurements/nmr/source_files/2025-09-15_saisonally.zip,saisonally/data_table_ascii/Niche4_Y_2022_M_10_D_19.dat,Niche 4,2022-10-19,4S,7.90880891855968,1.86978365767709
cda_knowledge_base/measurements/nmr/source_files/2025-09-15_saisonally.zip,saisonally/data_table_ascii/Niche4_Y_2023_M_02_D_22.dat,Niche 4,2023-02-22,4A,10.8012327171557,2.66575354494298
cda_knowledge_base/measurements/nmr/source_files/2025-09-15_saisonally.zip,saisonally/data_table_ascii/Niche4_Y_2023_M_02_D_22.dat,Niche 4,2023-02-22,4B,10.2430812773468,2.01888303983229
cda_knowledge_base/measurements/nmr/source_files/2025-09-15_saisonally.zip,saisonally/data_table_ascii/Niche4_Y_2023_M_02_D_22.dat,Niche 4,2023-02-22,4C,8.39469129247615,1.3329886595886
cda_knowledge_base/measurements/nmr/source_files/2025-09-15_saisonally.zip,saisonally/data_table_ascii/Niche4_Y_2023_M_02_D_22.dat,Niche 4,2023-02-22,4D,9.19323995915433,2.33924525804046
cda_knowledge_base/measurements/nmr/source_files/2025-09-15_saisonally.zip,saisonally/data_table_ascii/Niche4_Y_2023_M_02_D_22.dat,Niche 4,2023-02-22,4E,9.39931298792598,0.472282322095027
cda_knowledge_base/measurements/nmr/source_files/2025-09-15_saisonally.zip,saisonally/data_table_ascii/Niche4_Y_2023_M_02_D_22.dat,Niche 4,2023-02-22,4F,12.2403698648969,1.98595835647032
cda_knowledge_base/measurements/nmr/source_files/2025-09-15_saisonally.zip,saisonally/data_table_ascii/Niche4_Y_2023_M_02_D_22.dat,Niche 4,2023-02-22,4G,11.8798572764156,1.5865273465187
cda_knowledge_base/measurements/nmr/source_files/2025-09-15_saisonally.zip,saisonally/data_table_ascii/Niche4_Y_2023_M_02_D_22.dat,Niche 4,2023-02-22,4H,11.6890837024976,2.77096995766026
cda_knowledge_base/measurements/nmr/source_files/2025-09-15_saisonally.zip,saisonally/data_table_ascii/Niche4_Y_2023_M_02_D_22.dat,Niche 4,2023-02-22,4I,11.8952109891994,2.65927765327747
cda_knowledge_base/measurements/nmr/source_files/2025-09-15_saisonally.zip,saisonally/data_table_ascii/Niche4_Y_2023_M_02_D_22.dat,Niche 4,2023-02-22,4J,5.2778244671843,1.36661382380834
cda_knowledge_base/measurements/nmr/source_files/2025-09-15_saisonally.zip,saisonally/data_table_ascii/Niche4_Y_2023_M_02_D_22.dat,Niche 4,2023-02-22,4K,9.36157732010297,2.45733625814091
cda_knowledge_base/measurements/nmr/source_files/2025-09-15_saisonally.zip,saisonally/data_table_ascii/Niche4_Y_2023_M_02_D_22.dat,Niche 4,2023-02-22,4L,9.54539536190931,3.42930282091193
cda_knowledge_base/measurements/nmr/source_files/2025-09-15_saisonally.zip,saisonally/data_table_ascii/Niche4_Y_2023_M_02_D_22.dat,Niche 4,2023-02-22,4M,11.9774002557813,2.40877260561289
cda_knowledge_base/measurements/nmr/source_files/2025-09-15_saisonally.zip,saisonally/data_table_ascii/Niche4_Y_2023_M_02_D_22.dat,Niche 4,2023-02-22,4N,11.6732589773354,2.6006370400317
cda_knowledge_base/measurements/nmr/source_files/2025-09-15_saisonally.zip,saisonally/data_table_ascii/Niche4_Y_2023_M_02_D_22.dat,Niche 4,2023-02-22,4O,11.8589273867034,2.83410895982039
cda_knowledge_base/measurements/nmr/source_files/2025-09-15_saisonally.zip,saisonally/data_table_ascii/Niche4_Y_2023_M_02_D_22.dat,Niche 4,2023-02-22,4P,10.8483278239033,4.0082079160553
cda_knowledge_base/measurements/nmr/source_files/2025-09-15_saisonally.zip,saisonally/data_table_ascii/Niche4_Y_2023_M_02_D_22.dat,Niche 4,2023-02-22,4Q,6.84880163919673,4.94326737769272
cda_knowledge_base/measurements/nmr/source_files/2025-09-15_saisonally.zip,saisonally/data_table_ascii/Niche4_Y_2023_M_02_D_22.dat,Niche 4,2023-02-22,4R,9.69903954067047,1.6405632958994
cda_knowledge_base/measurements/nmr/source_files/2025-09-15_saisonally.zip,saisonally/data_table_ascii/Niche4_Y_2023_M_02_D_22.dat,Niche 4,2023-02-22,4S,8.90738171220649,3.12350810209395
cda_knowledge_base/measurements/nmr/source_files/2025-09-15_saisonally.zip,saisonally/data_table_ascii/Niche4_Y_2023_M_11_D_21.dat,Niche 4,2023-11-21,4A,9.92773018910722,1.42103335500122
cda_knowledge_base/measurements/nmr/source_files/2025-09-15_saisonally.zip,saisonally/data_table_ascii/Niche4_Y_2023_M_11_D_21.dat,Niche 4,2023-11-21,4B,11.5775920742904,1.44234157724347
cda_knowledge_base/measurements/nmr/source_files/2025-09-15_saisonally.zip,saisonally/data_table_ascii/Niche4_Y_2023_M_11_D_21.dat,Niche 4,2023-11-21,4C,9.31606942230145,1.11188751937081
cda_knowledge_base/measurements/nmr/source_files/2025-09-15_saisonally.zip,saisonally/data_table_ascii/Niche4_Y_2023_M_11_D_21.dat,Niche 4,2023-11-21,4D,11.5900610168451,1.1819782626482
cda_knowledge_base/measurements/nmr/source_files/2025-09-15_saisonally.zip,saisonally/data_table_ascii/Niche4_Y_2023_M_11_D_21.dat,Niche 4,2023-11-21,4E,10.3232725673585,1.12030998820662
cda_knowledge_base/measurements/nmr/source_files/2025-09-15_saisonally.zip,saisonally/data_table_ascii/Niche4_Y_2023_M_11_D_21.dat,Niche 4,2023-11-21,4F,11.6627642236453,1.1961372786671
cda_knowledge_base/measurements/nmr/source_files/2025-09-15_saisonally.zip,saisonally/data_table_ascii/Niche4_Y_2023_M_11_D_21.dat,Niche 4,2023-11-21,4G,11.4823265019324,1.18621418827494
cda_knowledge_base/measurements/nmr/source_files/2025-09-15_saisonally.zip,saisonally/data_table_ascii/Niche4_Y_2023_M_11_D_21.dat,Niche 4,2023-11-21,4H,12.4345146835475,1.37640983294363
cda_knowledge_base/measurements/nmr/source_files/2025-09-15_saisonally.zip,saisonally/data_table_ascii/Niche4_Y_2023_M_11_D_21.dat,Niche 4,2023-11-21,4I,11.3613827355037,1.38627800434081
cda_knowledge_base/measurements/nmr/source_files/2025-09-15_saisonally.zip,saisonally/data_table_ascii/Niche4_Y_2023_M_11_D_21.dat,Niche 4,2023-11-21,4J,9.08817099652592,1.32148052392557
cda_knowledge_base/measurements/nmr/source_files/2025-09-15_saisonally.zip,saisonally/data_table_ascii/Niche4_Y_2023_M_11_D_21.dat,Niche 4,2023-11-21,4K,10.5369263747701,1.51174129908167
cda_knowledge_base/measurements/nmr/source_files/2025-09-15_saisonally.zip,saisonally/data_table_ascii/Niche4_Y_2023_M_11_D_21.dat,Niche 4,2023-11-21,4L,8.2526883954307,2.67490985949063
cda_knowledge_base/measurements/nmr/source_files/2025-09-15_saisonally.zip,saisonally/data_table_ascii/Niche4_Y_2023_M_11_D_21.dat,Niche 4,2023-11-21,4M,11.5652916464387,0.522829618695616
cda_knowledge_base/measurements/nmr/source_files/2025-09-15_saisonally.zip,saisonally/data_table_ascii/Niche4_Y_2023_M_11_D_21.dat,Niche 4,2023-11-21,4N,9.52397071605387,1.71385829340379
cda_knowledge_base/measurements/nmr/source_files/2025-09-15_saisonally.zip,saisonally/data_table_ascii/Niche4_Y_2023_M_11_D_21.dat,Niche 4,2023-11-21,4O,11.2280460740302,2.0112593844704
cda_knowledge_base/measurements/nmr/source_files/2025-09-15_saisonally.zip,saisonally/data_table_ascii/Niche4_Y_2023_M_11_D_21.dat,Niche 4,2023-11-21,4P,9.0098219017035,1.5320885666688
cda_knowledge_base/measurements/nmr/source_files/2025-09-15_saisonally.zip,saisonally/data_table_ascii/Niche4_Y_2023_M_11_D_21.dat,Niche 4,2023-11-21,4Q,13.0558486432942,2.46425711841891
cda_knowledge_base/measurements/nmr/source_files/2025-09-15_saisonally.zip,saisonally/data_table_ascii/Niche4_Y_2023_M_11_D_21.dat,Niche 4,2023-11-21,4R,11.7481670924695,1.36511434942129
cda_knowledge_base/measurements/nmr/source_files/2025-09-15_saisonally.zip,saisonally/data_table_ascii/Niche4_Y_2023_M_11_D_21.dat,Niche 4,2023-11-21,4S,12.5471390156357,1.21404356356693
cda_knowledge_base/measurements/nmr/source_files/2025-09-15_saisonally.zip,saisonally/data_table_ascii/Niche4_Y_2024_M_11_D_13.dat,Niche 4,2024-11-13,4A,11.9663674582735,1.65616343854646
cda_knowledge_base/measurements/nmr/source_files/2025-09-15_saisonally.zip,saisonally/data_table_ascii/Niche4_Y_2024_M_11_D_13.dat,Niche 4,2024-11-13,4B,11.5365493553931,1.71841731662997
cda_knowledge_base/measurements/nmr/source_files/2025-09-15_saisonally.zip,saisonally/data_table_ascii/Niche4_Y_2024_M_11_D_13.dat,Niche 4,2024-11-13,4C,11.8622022073455,1.58779199120339
cda_knowledge_base/measurements/nmr/source_files/2025-09-15_saisonally.zip,saisonally/data_table_ascii/Niche4_Y_2024_M_11_D_13.dat,Niche 4,2024-11-13,4D,12.8057981494081,3.04955350308065
cda_knowledge_base/measurements/nmr/source_files/2025-09-15_saisonally.zip,saisonally/data_table_ascii/Niche4_Y_2024_M_11_D_13.dat,Niche 4,2024-11-13,4E,11.0631590522713,1.84522366648842
cda_knowledge_base/measurements/nmr/source_files/2025-09-15_saisonally.zip,saisonally/data_table_ascii/Niche4_Y_2024_M_11_D_13.dat,Niche 4,2024-11-13,4F,17.7381785691288,3.63747000154886
cda_knowledge_base/measurements/nmr/source_files/2025-09-15_saisonally.zip,saisonally/data_table_ascii/Niche4_Y_2024_M_11_D_13.dat,Niche 4,2024-11-13,4G,11.1698741043291,6.14823599609731
cda_knowledge_base/measurements/nmr/source_files/2025-09-15_saisonally.zip,saisonally/data_table_ascii/Niche4_Y_2024_M_11_D_13.dat,Niche 4,2024-11-13,4H,14.4248869902634,7.8065593062524
cda_knowledge_base/measurements/nmr/source_files/2025-09-15_saisonally.zip,saisonally/data_table_ascii/Niche4_Y_2024_M_11_D_13.dat,Niche 4,2024-11-13,4I,22.8095865251428,8.52944172594407
cda_knowledge_base/measurements/nmr/source_files/2025-09-15_saisonally.zip,saisonally/data_table_ascii/Niche4_Y_2024_M_11_D_13.dat,Niche 4,2024-11-13,4J,7.46968883885789,2.15859113949935
cda_knowledge_base/measurements/nmr/source_files/2025-09-15_saisonally.zip,saisonally/data_table_ascii/Niche4_Y_2024_M_11_D_13.dat,Niche 4,2024-11-13,4K,16.8260082151189,4.8439253696201
cda_knowledge_base/measurements/nmr/source_files/2025-09-15_saisonally.zip,saisonally/data_table_ascii/Niche4_Y_2024_M_11_D_13.dat,Niche 4,2024-11-13,4L,17.77896933153,11.9793707462939
cda_knowledge_base/measurements/nmr/source_files/2025-09-15_saisonally.zip,saisonally/data_table_ascii/Niche4_Y_2024_M_11_D_13.dat,Niche 4,2024-11-13,4M,12.0137129555091,4.24342750085332
cda_knowledge_base/measurements/nmr/source_files/2025-09-15_saisonally.zip,saisonally/data_table_ascii/Niche4_Y_2024_M_11_D_13.dat,Niche 4,2024-11-13,4N,10.5098093772254,3.21551910877672
cda_knowledge_base/measurements/nmr/source_files/2025-09-15_saisonally.zip,saisonally/data_table_ascii/Niche4_Y_2024_M_11_D_13.dat,Niche 4,2024-11-13,4O,12.1576824541288,2.76732827514049
cda_knowledge_base/measurements/nmr/source_files/2025-09-15_saisonally.zip,saisonally/data_table_ascii/Niche4_Y_2024_M_11_D_13.dat,Niche 4,2024-11-13,4P,10.8240172087973,1.97238189202451
cda_knowledge_base/measurements/nmr/source_files/2025-09-15_saisonally.zip,saisonally/data_table_ascii/Niche4_Y_2024_M_11_D_13.dat,Niche 4,2024-11-13,4Q,14.575410906777,3.77263457019911
cda_knowledge_base/measurements/nmr/source_files/2025-09-15_saisonally.zip,saisonally/data_table_ascii/Niche4_Y_2024_M_11_D_13.dat,Niche 4,2024-11-13,4R,11.7465170793454,1.48141411960224
cda_knowledge_base/measurements/nmr/source_files/2025-09-15_saisonally.zip,saisonally/data_table_ascii/Niche4_Y_2024_M_11_D_13.dat,Niche 4,2024-11-13,4S,15.2724459252699,2.4519147036042
cda_knowledge_base/measurements/nmr/source_files/2025-09-15_saisonally.zip,saisonally/data_table_ascii/Niche4_Y_2025_M_02_D_12.dat,Niche 4,2025-02-12,4A,10.8030355521522,3.09021393413356
cda_knowledge_base/measurements/nmr/source_files/2025-09-15_saisonally.zip,saisonally/data_table_ascii/Niche4_Y_2025_M_02_D_12.dat,Niche 4,2025-02-12,4B,9.97652304217127,1.68455018627311
cda_knowledge_base/measurements/nmr/source_files/2025-09-15_saisonally.zip,saisonally/data_table_ascii/Niche4_Y_2025_M_02_D_12.dat,Niche 4,2025-02-12,4C,7.41470508165211,1.62320001331347
cda_knowledge_base/measurements/nmr/source_files/2025-09-15_saisonally.zip,saisonally/data_table_ascii/Niche4_Y_2025_M_02_D_12.dat,Niche 4,2025-02-12,4D,9.31894668934752,1.56705010282557
cda_knowledge_base/measurements/nmr/source_files/2025-09-15_saisonally.zip,saisonally/data_table_ascii/Niche4_Y_2025_M_02_D_12.dat,Niche 4,2025-02-12,4E,9.96104570656381,1.32383221438915
cda_knowledge_base/measurements/nmr/source_files/2025-09-15_saisonally.zip,saisonally/data_table_ascii/Niche4_Y_2025_M_02_D_12.dat,Niche 4,2025-02-12,4F,12.5717860801303,3.27748392098537
cda_knowledge_base/measurements/nmr/source_files/2025-09-15_saisonally.zip,saisonally/data_table_ascii/Niche4_Y_2025_M_02_D_12.dat,Niche 4,2025-02-12,4G,9.7437572327752,1.95492193848487
cda_knowledge_base/measurements/nmr/source_files/2025-09-15_saisonally.zip,saisonally/data_table_ascii/Niche4_Y_2025_M_02_D_12.dat,Niche 4,2025-02-12,4H,11.3654895437787,2.13099804870542
cda_knowledge_base/measurements/nmr/source_files/2025-09-15_saisonally.zip,saisonally/data_table_ascii/Niche4_Y_2025_M_02_D_12.dat,Niche 4,2025-02-12,4I,13.3401130703573,3.49714990505647
cda_knowledge_base/measurements/nmr/source_files/2025-09-15_saisonally.zip,saisonally/data_table_ascii/Niche4_Y_2025_M_02_D_12.dat,Niche 4,2025-02-12,4J,8.51176394722421,1.56607581769175
cda_knowledge_base/measurements/nmr/source_files/2025-09-15_saisonally.zip,saisonally/data_table_ascii/Niche4_Y_2025_M_02_D_12.dat,Niche 4,2025-02-12,4K,13.0961950638706,3.47909557268254
cda_knowledge_base/measurements/nmr/source_files/2025-09-15_saisonally.zip,saisonally/data_table_ascii/Niche4_Y_2025_M_02_D_12.dat,Niche 4,2025-02-12,4L,8.75735991323227,3.90913535859961
cda_knowledge_base/measurements/nmr/source_files/2025-09-15_saisonally.zip,saisonally/data_table_ascii/Niche4_Y_2025_M_02_D_12.dat,Niche 4,2025-02-12,4M,5.51741337675826,2.56028800658063
cda_knowledge_base/measurements/nmr/source_files/2025-09-15_saisonally.zip,saisonally/data_table_ascii/Niche4_Y_2025_M_02_D_12.dat,Niche 4,2025-02-12,4N,8.48046619745208,3.27174463295075
cda_knowledge_base/measurements/nmr/source_files/2025-09-15_saisonally.zip,saisonally/data_table_ascii/Niche4_Y_2025_M_02_D_12.dat,Niche 4,2025-02-12,4O,11.2091080967903,1.69163569559463
cda_knowledge_base/measurements/nmr/source_files/2025-09-15_saisonally.zip,saisonally/data_table_ascii/Niche4_Y_2025_M_02_D_12.dat,Niche 4,2025-02-12,4P,8.84866050021364,1.67417742672594
cda_knowledge_base/measurements/nmr/source_files/2025-09-15_saisonally.zip,saisonally/data_table_ascii/Niche4_Y_2025_M_02_D_12.dat,Niche 4,2025-02-12,4Q,10.7449710339549,1.3256402863947
cda_knowledge_base/measurements/nmr/source_files/2025-09-15_saisonally.zip,saisonally/data_table_ascii/Niche4_Y_2025_M_02_D_12.dat,Niche 4,2025-02-12,4R,10.3227739460138,1.42572730082387
cda_knowledge_base/measurements/nmr/source_files/2025-09-15_saisonally.zip,saisonally/data_table_ascii/Niche4_Y_2025_M_02_D_12.dat,Niche 4,2025-02-12,4S,10.7276150193641,1.61007208543342
