source_file,zone_name,measurement_type,model_role,model_quantity,nodes,elements,zonetype,datapacking,coordinate_values_read,coordinate_complete,x_min,x_max,x_mean,y_min,y_max,y_mean,z_min,z_max,z_mean
cda_knowledge_base/measurements/other_hm_monitoring/source_files/VisualisationCDA.dat,MG_1_tet,niche_geometry,geometric support,open/closed niche or model-geometry surface,7024,21850,FETetrahedron,BLOCK,21072,True,-22.0,25.0,1.566751908925588,-3.684977055,3.714976788,0.9025416061821125,-1.559999943,5.773334026,2.5984039740064073
cda_knowledge_base/measurements/other_hm_monitoring/source_files/VisualisationCDA.dat,Open_twin,niche_geometry,geometric support,open/closed niche or model-geometry surface,3225,10000,FETetrahedron,BLOCK,9675,True,-6.099999905,-3.299999952,-4.7216897257699175,3.167191029,13.64999962,8.93575684580154,-0.25,2.549999952,1.1637797395364895
cda_knowledge_base/measurements/other_hm_monitoring/source_files/VisualisationCDA.dat,MG_3_tet,niche_geometry,geometric support,open/closed niche or model-geometry surface,4561,13474,FETetrahedron,BLOCK,13683,True,-22.0,25.0,1.2627272144164072,-2.685000181,2.714999914,0.4584583170352365,-0.576644659,4.808355331,2.3409482968438327
cda_knowledge_base/measurements/other_hm_monitoring/source_files/VisualisationCDA.dat,MG_4_tet,niche_geometry,geometric support,open/closed niche or model-geometry surface,350,913,FETetrahedron,BLOCK,1050,True,-6.099999905,-3.300704241,-4.6839616155485695,2.084828138,3.714976788,3.034925190371427,-0.2499437779,2.549994469,1.1756431803799867
cda_knowledge_base/measurements/other_hm_monitoring/source_files/VisualisationCDA.dat,MG_5_tet,niche_geometry,geometric support,open/closed niche or model-geometry surface,146,273,FETetrahedron,BLOCK,438,True,-6.099999905,-3.306571484,-4.704287973136987,1.994999886,2.714999914,2.384360377136988,-0.2499178648,2.549999952,1.040169404317493
cda_knowledge_base/measurements/other_hm_monitoring/source_files/VisualisationCDA.dat,Close twin,niche_geometry,geometric support,open/closed niche or model-geometry surface,2932,9117,FETetrahedron,BLOCK,8796,True,6.200149536,8.995563507,7.598038225502732,3.167191029,13.75,8.82282302153378,-0.2499437779,2.549994469,1.171781175504383
cda_knowledge_base/measurements/other_hm_monitoring/source_files/VisualisationCDA.dat,MG_7_tet,niche_geometry,geometric support,open/closed niche or model-geometry surface,362,953,FETetrahedron,BLOCK,1086,True,6.200149536,8.999861717,7.518294097303863,2.084828138,3.714036942,3.003096396082872,-0.2499437779,2.549999952,1.214166618371246
cda_knowledge_base/measurements/other_hm_monitoring/source_files/VisualisationCDA.dat,MG_8_tet,niche_geometry,geometric support,open/closed niche or model-geometry surface,150,284,FETetrahedron,BLOCK,450,True,6.202242374,8.999861717,7.508079477966671,1.994999886,2.714372158,2.442132900566668,-0.2499178648,2.549999952,1.2305996477322667
cda_knowledge_base/measurements/other_hm_monitoring/source_files/VisualisationCDA.dat,Evapometer,evapometer,boundary-condition context,evaporation/climate disturbance proxy,73,110,FEQuadrilateral,BLOCK,219,True,-5.018066883,-4.802096367,-4.928823307767124,13.97649956,15.97022247,15.259324282465753,1.424333811,1.684645295,1.529608729753425
cda_knowledge_base/measurements/other_hm_monitoring/source_files/VisualisationCDA.dat,Extensometer_bhrg,extensometer,mechanical validation,displacement or strain trend,320,344,FEQuadrilateral,BLOCK,960,True,-13.7816391,16.15633202,1.4615514444624984,2.561798811,12.37093639,8.306295766050003,-4.113999844,3.235891104,-0.4331130364928907
cda_knowledge_base/measurements/other_hm_monitoring/source_files/VisualisationCDA.dat,Extensometer_sensor,extensometer,mechanical validation,displacement or strain trend,3905,7680,FEQuadrilateral,BLOCK,11715,True,-13.46237183,15.8003931,1.4588569285659394,0.0,12.04589367,8.392981314778524,-4.052999973,3.104646206,-0.0418278485759725
cda_knowledge_base/measurements/other_hm_monitoring/source_files/VisualisationCDA.dat,Kluft_0,fracture_or_crack_geometry,structural/deformation support,crack or fracture aperture/geometry context,3348,234,FEQuadrilateral,BLOCK,10044,True,-21.96692848,29.7902565,3.4422103913416997,-7.976696968,16.36181641,5.097958352942832,-4.19468689,6.995742798,1.3307735924198003
cda_knowledge_base/measurements/other_hm_monitoring/source_files/VisualisationCDA.dat,Kluft_1,fracture_or_crack_geometry,structural/deformation support,crack or fracture aperture/geometry context,3348,48,FEQuadrilateral,BLOCK,10044,True,-21.96692848,29.7902565,3.4422103913416997,-7.976696968,16.36181641,5.097958352942832,-4.19468689,6.995742798,1.3307735924198003
cda_knowledge_base/measurements/other_hm_monitoring/source_files/VisualisationCDA.dat,Kluft_2,fracture_or_crack_geometry,structural/deformation support,crack or fracture aperture/geometry context,3348,144,FEQuadrilateral,BLOCK,10044,True,-21.96692848,29.7902565,3.4422103913416997,-7.976696968,16.36181641,5.097958352942832,-4.19468689,6.995742798,1.3307735924198003
cda_knowledge_base/measurements/other_hm_monitoring/source_files/VisualisationCDA.dat,Kluft_3,fracture_or_crack_geometry,structural/deformation support,crack or fracture aperture/geometry context,3348,126,FEQuadrilateral,BLOCK,10044,True,-21.96692848,29.7902565,3.4422103913416997,-7.976696968,16.36181641,5.097958352942832,-4.19468689,6.995742798,1.3307735924198003
cda_knowledge_base/measurements/other_hm_monitoring/source_files/VisualisationCDA.dat,Kluft_4,fracture_or_crack_geometry,structural/deformation support,crack or fracture aperture/geometry context,3348,154,FEQuadrilateral,BLOCK,10044,True,-21.96692848,29.7902565,3.4422103913416997,-7.976696968,16.36181641,5.097958352942832,-4.19468689,6.995742798,1.3307735924198003
cda_knowledge_base/measurements/other_hm_monitoring/source_files/VisualisationCDA.dat,Kluft_5,fracture_or_crack_geometry,structural/deformation support,crack or fracture aperture/geometry context,3348,154,FEQuadrilateral,BLOCK,10044,True,-21.96692848,29.7902565,3.4422103913416997,-7.976696968,16.36181641,5.097958352942832,-4.19468689,6.995742798,1.3307735924198003
cda_knowledge_base/measurements/other_hm_monitoring/source_files/VisualisationCDA.dat,Kluft_6,fracture_or_crack_geometry,structural/deformation support,crack or fracture aperture/geometry context,3348,72,FEQuadrilateral,BLOCK,10044,True,-21.96692848,29.7902565,3.4422103913416997,-7.976696968,16.36181641,5.097958352942832,-4.19468689,6.995742798,1.3307735924198003
cda_knowledge_base/measurements/other_hm_monitoring/source_files/VisualisationCDA.dat,Kluft_7,fracture_or_crack_geometry,structural/deformation support,crack or fracture aperture/geometry context,3348,90,FEQuadrilateral,BLOCK,10044,True,-21.96692848,29.7902565,3.4422103913416997,-7.976696968,16.36181641,5.097958352942832,-4.19468689,6.995742798,1.3307735924198003
cda_knowledge_base/measurements/other_hm_monitoring/source_files/VisualisationCDA.dat,Kluft_8,fracture_or_crack_geometry,structural/deformation support,crack or fracture aperture/geometry context,3348,112,FEQuadrilateral,BLOCK,10044,True,-21.96692848,29.7902565,3.4422103913416997,-7.976696968,16.36181641,5.097958352942832,-4.19468689,6.995742798,1.3307735924198003
cda_knowledge_base/measurements/other_hm_monitoring/source_files/VisualisationCDA.dat,Kluft_9,fracture_or_crack_geometry,structural/deformation support,crack or fracture aperture/geometry context,3348,54,FEQuadrilateral,BLOCK,10044,True,-21.96692848,29.7902565,3.4422103913416997,-7.976696968,16.36181641,5.097958352942832,-4.19468689,6.995742798,1.3307735924198003
cda_knowledge_base/measurements/other_hm_monitoring/source_files/VisualisationCDA.dat,Kluft_10,fracture_or_crack_geometry,structural/deformation support,crack or fracture aperture/geometry context,3348,48,FEQuadrilateral,BLOCK,10044,True,-21.96692848,29.7902565,3.4422103913416997,-7.976696968,16.36181641,5.097958352942832,-4.19468689,6.995742798,1.3307735924198003
cda_knowledge_base/measurements/other_hm_monitoring/source_files/VisualisationCDA.dat,Kluft_11,fracture_or_crack_geometry,structural/deformation support,crack or fracture aperture/geometry context,3348,112,FEQuadrilateral,BLOCK,10044,True,-21.96692848,29.7902565,3.4422103913416997,-7.976696968,16.36181641,5.097958352942832,-4.19468689,6.995742798,1.3307735924198003
cda_knowledge_base/measurements/other_hm_monitoring/source_files/VisualisationCDA.dat,Kluft_12,fracture_or_crack_geometry,structural/deformation support,crack or fracture aperture/geometry context,3348,144,FEQuadrilateral,BLOCK,10044,True,-21.96692848,29.7902565,3.4422103913416997,-7.976696968,16.36181641,5.097958352942832,-4.19468689,6.995742798,1.3307735924198003
cda_knowledge_base/measurements/other_hm_monitoring/source_files/VisualisationCDA.dat,Kluft_13,fracture_or_crack_geometry,structural/deformation support,crack or fracture aperture/geometry context,3348,300,FEQuadrilateral,BLOCK,10044,True,-21.96692848,29.7902565,3.4422103913416997,-7.976696968,16.36181641,5.097958352942832,-4.19468689,6.995742798,1.3307735924198003
cda_knowledge_base/measurements/other_hm_monitoring/source_files/VisualisationCDA.dat,Kluft_14,fracture_or_crack_geometry,structural/deformation support,crack or fracture aperture/geometry context,3348,126,FEQuadrilateral,BLOCK,10044,True,-21.96692848,29.7902565,3.4422103913416997,-7.976696968,16.36181641,5.097958352942832,-4.19468689,6.995742798,1.3307735924198003
cda_knowledge_base/measurements/other_hm_monitoring/source_files/VisualisationCDA.dat,Kluft_15,fracture_or_crack_geometry,structural/deformation support,crack or fracture aperture/geometry context,3348,240,FEQuadrilateral,BLOCK,10044,True,-21.96692848,29.7902565,3.4422103913416997,-7.976696968,16.36181641,5.097958352942832,-4.19468689,6.995742798,1.3307735924198003
cda_knowledge_base/measurements/other_hm_monitoring/source_files/VisualisationCDA.dat,Kluft_16,fracture_or_crack_geometry,structural/deformation support,crack or fracture aperture/geometry context,3348,260,FEQuadrilateral,BLOCK,10044,True,-21.96692848,29.7902565,3.4422103913416997,-7.976696968,16.36181641,5.097958352942832,-4.19468689,6.995742798,1.3307735924198003
cda_knowledge_base/measurements/other_hm_monitoring/source_files/VisualisationCDA.dat,Kluft_17,fracture_or_crack_geometry,structural/deformation support,crack or fracture aperture/geometry context,3348,170,FEQuadrilateral,BLOCK,10044,True,-21.96692848,29.7902565,3.4422103913416997,-7.976696968,16.36181641,5.097958352942832,-4.19468689,6.995742798,1.3307735924198003
cda_knowledge_base/measurements/other_hm_monitoring/source_files/VisualisationCDA.dat,Kluft_18,fracture_or_crack_geometry,structural/deformation support,crack or fracture aperture/geometry context,3348,1481,FEQuadrilateral,BLOCK,10044,True,-21.96692848,29.7902565,3.4422103913416997,-7.976696968,16.36181641,5.097958352942832,-4.19468689,6.995742798,1.3307735924198003
cda_knowledge_base/measurements/other_hm_monitoring/source_files/VisualisationCDA.dat,Kluft_19,fracture_or_crack_geometry,structural/deformation support,crack or fracture aperture/geometry context,3348,9,FEQuadrilateral,BLOCK,10044,True,-21.96692848,29.7902565,3.4422103913416997,-7.976696968,16.36181641,5.097958352942832,-4.19468689,6.995742798,1.3307735924198003
cda_knowledge_base/measurements/other_hm_monitoring/source_files/VisualisationCDA.dat,Kluft_20,fracture_or_crack_geometry,structural/deformation support,crack or fracture aperture/geometry context,3348,2,FEQuadrilateral,BLOCK,10044,True,-21.96692848,29.7902565,3.4422103913416997,-7.976696968,16.36181641,5.097958352942832,-4.19468689,6.995742798,1.3307735924198003
cda_knowledge_base/measurements/other_hm_monitoring/source_files/VisualisationCDA.dat,Kluft_21,fracture_or_crack_geometry,structural/deformation support,crack or fracture aperture/geometry context,3348,1656,FEQuadrilateral,BLOCK,10044,True,-21.96692848,29.7902565,3.4422103913416997,-7.976696968,16.36181641,5.097958352942832,-4.19468689,6.995742798,1.3307735924198003
cda_knowledge_base/measurements/other_hm_monitoring/source_files/VisualisationCDA.dat,Mini_Piezo,mini_piezometer,pore-pressure validation,liquid pore pressure or hydraulic head trend,1061,1690,FEQuadrilateral,BLOCK,3183,True,-9.85221386,13.23467636,1.7952209215589074,1.939342737,8.381292343,5.243548522016966,-3.590656996,2.207645178,0.7536761581190089
cda_knowledge_base/measurements/other_hm_monitoring/source_files/VisualisationCDA.dat,Konvergenz_points_N3,convergence_points,mechanical validation,niche convergence displacement trend,1465,2880,FEQuadrilateral,BLOCK,4395,True,0.0,8.655714989,7.619710309687369,0.0,8.788973808,8.086050091489376,0.0,2.201612949,1.0630202265793078
cda_knowledge_base/measurements/other_hm_monitoring/source_files/VisualisationCDA.dat,Konvergenz_points_N4,convergence_points,mechanical validation,niche convergence displacement trend,1465,2880,FEQuadrilateral,BLOCK,4395,True,-5.646197319,0.0,-4.641339862252567,0.0,8.820370674,8.115129932363164,0.0,2.327213049,1.2594943559180276
cda_knowledge_base/measurements/other_hm_monitoring/source_files/VisualisationCDA.dat,closed_twin_LS,laser_scan_surface,mechanical validation,niche surface displacement or scan-difference field,1228098,2340998,FETriangle,BLOCK,3684294,True,6.34583807,8.954117775,7.621796447365368,3.690763712,13.91851521,8.565931517560722,-0.1829072535,2.380091667,1.1515791841216367
cda_knowledge_base/measurements/other_hm_monitoring/source_files/VisualisationCDA.dat,open_twin_LS,laser_scan_surface,mechanical validation,niche surface displacement or scan-difference field,1499860,2891741,FETriangle,BLOCK,4499580,True,-6.057243824,-3.341907024,-4.657011836957353,2.145966291,14.00585461,8.345935385779043,-0.02226758003,2.730125189,1.321452755660818
cda_knowledge_base/measurements/other_hm_monitoring/source_files/VisualisationCDA.dat,Permeability_bhrg,permeability_support,parameter-observation support,pulse-test borehole or measurement layout,215,262,FEQuadrilateral,BLOCK,645,True,-11.30984783,14.30624485,1.649229318120928,10.90357304,11.67014313,11.30662633790699,-5.464787006,1.767707944,-1.2338881943895355
cda_knowledge_base/measurements/other_hm_monitoring/source_files/VisualisationCDA.dat,Permeability_Meas_points,permeability_support,parameter-observation support,pulse-test borehole or measurement layout,7809,15360,FEQuadrilateral,BLOCK,23427,True,-11.36288643,14.3584547,1.5176310808633724,0.0,11.67680168,11.322689569891082,-5.520786762,1.782271743,0.009986398681344535
cda_knowledge_base/measurements/other_hm_monitoring/source_files/VisualisationCDA.dat,Taupe,taupe_tdr_support,water-content trend support,Taupe/TDR borehole layout,299,486,FEQuadrilateral,BLOCK,897,True,-10.23237896,13.03482628,1.4257416965518397,7.150062561,7.252476215,7.201474441755845,-4.228987217,1.401919723,-0.6002843477096993
cda_knowledge_base/measurements/other_hm_monitoring/source_files/VisualisationCDA.dat,MINIPRISMA_1,miniprisma_geodesy,geodetic deformation validation,3D point displacement trend,122,240,FEQuadrilateral,BLOCK,366,True,-5.322528362,-5.215286255,-5.268907281245903,8.702722549,8.809965134,8.756343732131144,0.3210130036,0.4310129881,0.3760130007188525
cda_knowledge_base/measurements/other_hm_monitoring/source_files/VisualisationCDA.dat,MINIPRISMA_2,miniprisma_geodesy,geodetic deformation validation,3D point displacement trend,122,240,FEQuadrilateral,BLOCK,366,True,-5.56076622,-5.453524113,-5.5071450843114755,7.687908649,7.795150757,7.741529589786884,0.4990130067,0.609013021,0.5540130040631142
cda_knowledge_base/measurements/other_hm_monitoring/source_files/VisualisationCDA.dat,MINIPRISMA_3,miniprisma_geodesy,geodetic deformation validation,3D point displacement trend,122,240,FEQuadrilateral,BLOCK,366,True,-5.668215752,-5.560973644,-5.614594615950824,8.219871521,8.327113152,8.273492594278682,0.707013011,0.8170130253,0.7620129985762292
cda_knowledge_base/measurements/other_hm_monitoring/source_files/VisualisationCDA.dat,MINIPRISMA_4,miniprisma_geodesy,geodetic deformation validation,3D point displacement trend,122,240,FEQuadrilateral,BLOCK,366,True,-5.664475918,-5.55723381,-5.610855039999997,7.684267998,7.791510105,7.737889196016397,1.612012982,1.722012997,1.6670129895
cda_knowledge_base/measurements/other_hm_monitoring/source_files/VisualisationCDA.dat,MINIPRISMA_5,miniprisma_geodesy,geodetic deformation validation,3D point displacement trend,122,240,FEQuadrilateral,BLOCK,366,True,-5.5853405,-5.478098392,-5.531719590770492,8.167414665,8.274656296,8.22103573842623,1.836012959,1.946012974,1.8910130058442638
cda_knowledge_base/measurements/other_hm_monitoring/source_files/VisualisationCDA.dat,MINIPRISMA_6,miniprisma_geodesy,geodetic deformation validation,3D point displacement trend,122,240,FEQuadrilateral,BLOCK,366,True,-4.963088036,-4.855845928,-4.909467095213117,8.159240723,8.266482353,8.212861748967216,2.212013006,2.322012901,2.2670129928442613
cda_knowledge_base/measurements/other_hm_monitoring/source_files/VisualisationCDA.dat,MINIPRISMA_7,miniprisma_geodesy,geodetic deformation validation,3D point displacement trend,122,240,FEQuadrilateral,BLOCK,366,True,-4.72623539,-4.618993282,-4.672614308704917,7.663427353,7.77066946,7.717048519967209,2.226012945,2.336013079,2.281012972983606
cda_knowledge_base/measurements/other_hm_monitoring/source_files/VisualisationCDA.dat,MINIPRISMA_8,miniprisma_geodesy,geodetic deformation validation,3D point displacement trend,122,240,FEQuadrilateral,BLOCK,366,True,-3.69346714,-3.586225033,-3.6398460552950826,8.128395081,8.235636711,8.1820159504918,1.825013041,1.935013056,1.8800129899754094
cda_knowledge_base/measurements/other_hm_monitoring/source_files/VisualisationCDA.dat,MINIPRISMA_9,miniprisma_geodesy,geodetic deformation validation,3D point displacement trend,122,240,FEQuadrilateral,BLOCK,366,True,-3.704753637,-3.59751153,-3.6511325758852444,7.730784893,7.838027,7.7844060601311496,1.618013024,1.728013039,1.6730129924836055
cda_knowledge_base/measurements/other_hm_monitoring/source_files/VisualisationCDA.dat,MINIPRISMA_10,miniprisma_geodesy,geodetic deformation validation,3D point displacement trend,122,240,FEQuadrilateral,BLOCK,366,True,-3.760351658,-3.65310955,-3.7067305455409802,8.178549767,8.285791397,8.232170323819675,0.6810129881,0.7910130024,0.736013005020492
cda_knowledge_base/measurements/other_hm_monitoring/source_files/VisualisationCDA.dat,MINIPRISMA_11,miniprisma_geodesy,geodetic deformation validation,3D point displacement trend,122,240,FEQuadrilateral,BLOCK,366,True,-3.882607222,-3.775365353,-3.82898627342623,7.648705482,7.75594759,7.702326422786887,0.606013,0.7160130143,0.6610129973959015
cda_knowledge_base/measurements/other_hm_monitoring/source_files/VisualisationCDA.dat,MINIPRISMA_12,miniprisma_geodesy,geodetic deformation validation,3D point displacement trend,122,240,FEQuadrilateral,BLOCK,366,True,-4.055942059,-3.948699951,-4.002321036114754,8.658617973,8.765860558,8.712239374868851,0.3850130141,0.4950129986,0.440013001431967
cda_knowledge_base/measurements/other_hm_monitoring/source_files/VisualisationCDA.dat,LTM1,laser_scan_geodetic_support,laser/scan registration support,survey target geometry,122,240,FEQuadrilateral,BLOCK,366,True,-4.836944103,-4.729701996,-4.783322904983609,12.64841843,12.75566006,12.702039061967213,0.01901300065,0.1290130019,0.07401300007336063
cda_knowledge_base/measurements/other_hm_monitoring/source_files/VisualisationCDA.dat,LTM2,laser_scan_geodetic_support,laser/scan registration support,survey target geometry,122,240,FEQuadrilateral,BLOCK,366,True,-4.719074249,-4.611832142,-4.665453340245904,12.79860687,12.90584946,12.852228195573765,0.02401299961,0.1340129972,0.07901299776893445
cda_knowledge_base/measurements/other_hm_monitoring/source_files/VisualisationCDA.dat,AGI1,laser_scan_geodetic_support,laser/scan registration support,survey target geometry,122,240,FEQuadrilateral,BLOCK,366,True,-4.608683109,-4.501441002,-4.5550619422950795,13.30989742,13.41713905,13.363518495245895,0.3600130081,0.4700129926,0.41501299549754117
cda_knowledge_base/measurements/other_hm_monitoring/source_files/VisualisationCDA.dat,NMR_4R,nmr_support,water-content point support,NMR station/measurement layout,122,240,FEQuadrilateral,BLOCK,366,True,-3.876415491,-3.769173384,-3.8227945038196736,5.771146774,5.878388882,5.82476773031148,0.4120129943,0.5220130086,0.46701299656475415
cda_knowledge_base/measurements/other_hm_monitoring/source_files/VisualisationCDA.dat,NMR_4Q,nmr_support,water-content point support,NMR station/measurement layout,122,240,FEQuadrilateral,BLOCK,366,True,-3.639929771,-3.532687664,-3.5863086865081955,5.844783783,5.95202589,5.898405012524593,0.9310129881,1.041013002,0.9860130147385251
cda_knowledge_base/measurements/other_hm_monitoring/source_files/VisualisationCDA.dat,NMR_4P,nmr_support,water-content point support,NMR station/measurement layout,122,240,FEQuadrilateral,BLOCK,366,True,-3.581868172,-3.474626303,-3.5282472235409825,6.103393555,6.210635662,6.157014479360661,1.149013042,1.259013057,1.20401299097541
cda_knowledge_base/measurements/other_hm_monitoring/source_files/VisualisationCDA.dat,NMR_O1,nmr_support,water-content point support,NMR station/measurement layout,122,240,FEQuadrilateral,BLOCK,366,True,-3.639613152,-3.532371044,-3.5859921057049196,6.059364796,6.166606903,6.112985736,1.666013002,1.776013017,1.7210130096639333
cda_knowledge_base/measurements/other_hm_monitoring/source_files/VisualisationCDA.dat,NMR_O2,nmr_support,water-content point support,NMR station/measurement layout,122,240,FEQuadrilateral,BLOCK,366,True,-3.626642942,-3.519400835,-3.573021880983607,5.819794655,5.927036762,5.873415821901639,1.635012984,1.745012999,1.6900129913360644
cda_knowledge_base/measurements/other_hm_monitoring/source_files/VisualisationCDA.dat,NMR_4N,nmr_support,water-content point support,NMR station/measurement layout,122,240,FEQuadrilateral,BLOCK,366,True,-3.793590307,-3.6863482,-3.7399692223278684,6.076657772,6.183899879,6.130278743672125,1.950013041,2.060013056,2.005013028991803
cda_knowledge_base/measurements/other_hm_monitoring/source_files/VisualisationCDA.dat,NMR_4D,nmr_support,water-content point support,NMR station/measurement layout,122,240,FEQuadrilateral,BLOCK,366,True,-5.484324455,-5.377082348,-5.43070335860656,5.906046867,6.013288975,5.959668065606557,0.2620129883,0.3720130026,0.3170130052532787
cda_knowledge_base/measurements/other_hm_monitoring/source_files/VisualisationCDA.dat,NMR_5D,nmr_support,water-content point support,NMR station/measurement layout,122,240,FEQuadrilateral,BLOCK,366,True,-5.710607529,-5.603365421,-5.656986346032786,5.726066589,5.833308697,5.779687467163935,0.5880129933,0.6980130076,0.6430129907122953
cda_knowledge_base/measurements/other_hm_monitoring/source_files/VisualisationCDA.dat,NMR_4E,nmr_support,water-content point support,NMR station/measurement layout,122,240,FEQuadrilateral,BLOCK,366,True,-5.710607529,-5.603365421,-5.656986346032786,5.726066589,5.833308697,5.779687467163935,0.5880129933,0.6980130076,0.6430129907122953
cda_knowledge_base/measurements/other_hm_monitoring/source_files/VisualisationCDA.dat,NMR_4G,nmr_support,water-content point support,NMR station/measurement layout,122,240,FEQuadrilateral,BLOCK,366,True,-5.830786705,-5.723544598,-5.777165795885249,5.813912392,5.921154499,5.867533363245904,1.325013041,1.435013056,1.3800129899754099
cda_knowledge_base/measurements/other_hm_monitoring/source_files/VisualisationCDA.dat,NMR_4H,nmr_support,water-content point support,NMR station/measurement layout,122,240,FEQuadrilateral,BLOCK,366,True,-5.696511269,-5.589269161,-5.642890070393442,5.886507511,5.993749619,5.940128404639343,1.783012986,1.893013,1.8380129933278675
cda_knowledge_base/measurements/other_hm_monitoring/source_files/VisualisationCDA.dat,NMR_4I,nmr_support,water-content point support,NMR station/measurement layout,122,240,FEQuadrilateral,BLOCK,366,True,-5.502188206,-5.394946098,-5.448567038721314,6.019121647,6.126363754,6.07274278268853,2.055012941,2.165013075,2.1100130080000006
cda_knowledge_base/measurements/other_hm_monitoring/source_files/VisualisationCDA.dat,NMR_4J,nmr_support,water-content point support,NMR station/measurement layout,122,240,FEQuadrilateral,BLOCK,366,True,-5.133574009,-5.026331902,-5.079952794918031,5.957602978,6.064845085,6.0112242620000025,2.301012993,2.411012888,2.3560129795163958
cda_knowledge_base/measurements/other_hm_monitoring/source_files/VisualisationCDA.dat,NMR_4K,nmr_support,water-content point support,NMR station/measurement layout,122,240,FEQuadrilateral,BLOCK,366,True,-4.85356617,-4.746324539,-4.799945354442624,6.084633827,6.191875935,6.138255025491801,2.333013058,2.443012953,2.3880130053360658
cda_knowledge_base/measurements/other_hm_monitoring/source_files/VisualisationCDA.dat,NMR_4L,nmr_support,water-content point support,NMR station/measurement layout,122,240,FEQuadrilateral,BLOCK,366,True,-4.525382996,-4.418140888,-4.471761766000001,6.081092834,6.188334942,6.134713712229506,2.304013014,2.414012909,2.359012961336067
cda_knowledge_base/measurements/other_hm_monitoring/source_files/VisualisationCDA.dat,NMR_4M,nmr_support,water-content point support,NMR station/measurement layout,122,240,FEQuadrilateral,BLOCK,366,True,-4.223892689,-4.116650581,-4.170271521721315,6.185331345,6.292572975,6.2389521598196716,2.246012926,2.35601306,2.3010129929999983
cda_knowledge_base/measurements/other_hm_monitoring/source_files/VisualisationCDA.dat,NMR_S,nmr_support,water-content point support,NMR station/measurement layout,122,240,FEQuadrilateral,BLOCK,366,True,-4.0408988,-3.933656693,-3.9872776210983614,6.166298866,6.273540974,6.219920048918032,0.2850129902,0.3950130045,0.34001300226803294
cda_knowledge_base/measurements/other_hm_monitoring/source_files/VisualisationCDA.dat,NMR_4T,nmr_support,water-content point support,NMR station/measurement layout,122,240,FEQuadrilateral,BLOCK,366,True,-5.493280888,-5.38603878,-5.439659806524591,5.928536415,6.035778522,5.982157644754099,0.2640129924,0.3740130067,0.3190130044024588
cda_knowledge_base/measurements/other_hm_monitoring/source_files/VisualisationCDA.dat,NMR_4F,nmr_support,water-content point support,NMR station/measurement layout,122,240,FEQuadrilateral,BLOCK,366,True,-5.822358608,-5.715116501,-5.768737683573772,5.954532146,6.061774254,6.008153344721311,0.9430130124,1.053012967,0.9980129799786874
cda_knowledge_base/measurements/other_hm_monitoring/source_files/VisualisationCDA.dat,RHV_4,rh_suction_support,hydraulic boundary/pressure support,relative humidity or suction sensor layout,122,240,FEQuadrilateral,BLOCK,366,True,-4.636464119,-4.529222012,-4.5828429205573755,10.61136913,10.71861172,10.664990316229503,0.1520130038,0.2620129883,0.20701299852540964
cda_knowledge_base/measurements/other_hm_monitoring/source_files/VisualisationCDA.dat,RHV_2,rh_suction_support,hydraulic boundary/pressure support,relative humidity or suction sensor layout,122,240,FEQuadrilateral,BLOCK,366,True,-4.705762386,-4.598520279,-4.652141250573772,9.739203453,9.846445084,9.792824151147535,0.131013006,0.2410130054,0.18601299833934454
cda_knowledge_base/measurements/other_hm_monitoring/source_files/VisualisationCDA.dat,RHH_3,rh_suction_support,hydraulic boundary/pressure support,relative humidity or suction sensor layout,122,240,FEQuadrilateral,BLOCK,366,True,-5.883320808,-5.776078701,-5.829699821213112,10.68565273,10.79289436,10.739273289180328,1.405012965,1.51501298,1.460012991844263
cda_knowledge_base/measurements/other_hm_monitoring/source_files/VisualisationCDA.dat,RHH_1,rh_suction_support,hydraulic boundary/pressure support,relative humidity or suction sensor layout,122,240,FEQuadrilateral,BLOCK,366,True,-5.958026886,-5.850784779,-5.9044057188688495,9.768113136,9.875354767,9.821733693573767,1.429013014,1.539013028,1.4840130013278672
cda_knowledge_base/measurements/other_hm_monitoring/source_files/VisualisationCDA.dat,RH01,rh_suction_support,hydraulic boundary/pressure support,relative humidity or suction sensor layout,122,240,FEQuadrilateral,BLOCK,366,True,-4.207869053,-4.100626945,-4.154248229786885,13.1801424,13.28738499,13.233763694098371,0.4130130112,0.5230129957,0.4680129888270492
cda_knowledge_base/measurements/other_hm_monitoring/source_files/VisualisationCDA.dat,RH03,rh_suction_support,hydraulic boundary/pressure support,relative humidity or suction sensor layout,122,240,FEQuadrilateral,BLOCK,366,True,-4.018087864,-3.910845995,-3.964467037016394,3.123350382,3.230592489,3.17697133395082,0.3760130107,0.4860129952,0.4310129980975411
cda_knowledge_base/measurements/other_hm_monitoring/source_files/VisualisationCDA.dat,EXT1,extensometer,mechanical validation,displacement or strain trend,122,240,FEQuadrilateral,BLOCK,366,True,-5.626665115,-5.519423008,-5.573044292213114,13.24860191,13.3558445,13.302223378196718,1.995012999,2.105012894,2.0500129851885225
cda_knowledge_base/measurements/other_hm_monitoring/source_files/VisualisationCDA.dat,EXT2,extensometer,mechanical validation,displacement or strain trend,122,240,FEQuadrilateral,BLOCK,366,True,-5.794867039,-5.687625408,-5.741246223442621,9.268651962,9.375893593,9.322273035491808,1.737012982,1.847012997,1.7920129895
cda_knowledge_base/measurements/other_hm_monitoring/source_files/VisualisationCDA.dat,EXT3,extensometer,mechanical validation,displacement or strain trend,122,240,FEQuadrilateral,BLOCK,366,True,-5.837892056,-5.730649948,-5.784271115213114,6.345685482,6.452927589,6.399306391114759,1.469012976,1.57901299,1.524013002508196
